"Population by Age Group, Sex, Region, and Province/Highly Urbanized City: Philippines , 2020",,,,,,,,,,,,,,,,,,,,,,,,,,,,,,,,,,,,,,,,,,,,,,,,,,,,,,,
,,,,,,,,,,,,,,,,,,,,,,,,,,,,,,,,,,,,,,,,,,,,,,,,,,,,,,,
,,Both Sexes,,,,,,,,,,,,,,,,,,Male,,,,,,,,,,,,,,,,,,Female,,,,,,,,,,,,,,,,,
,,All Ages,Below 5,5-9,10-14,15-19,20-24,25-29,30-34,35-39,40-44,45-49,50-54,55-59,60-64,65-69,70-74,75-79,80 years old and over,All Ages,Below 5,5-9,10-14,15-19,20-24,25-29,30-34,35-39,40-44,45-49,50-54,55-59,60-64,65-69,70-74,75-79,80 years old and over,All Ages,Below 5,5-9,10-14,15-19,20-24,25-29,30-34,35-39,40-44,45-49,50-54,55-59,60-64,65-69,70-74,75-79,80 years old and over
Total Population,PHILIPPINES /a,109033245,11069479,11270637,11091362,10482815,10024753,9229288,8171423,7221785,6528846,5598765,4964629,4137342,3375290,2398116,1578185,932231,958299,55306793,5714396,5842244,5721890,5360801,5115243,4715102,4218801,3713272,3358616,2866551,2505960,2059409,1633478,1114284,683843,366132,316771,53726452,5355083,5428393,5369472,5122014,4909510,4514186,3952622,3508513,3170230,2732214,2458669,2077933,1741812,1283832,894342,566099,641528
,..NATIONAL CAPITAL REGION (NCR),13484462,1279827,1237986,1177453,1118951,1284062,1298890,1174399,1017767,896189,749356,654711,532290,423765,281295,177144,88950,91427,6737870,660956,641893,608724,568734,645668,657512,602717,515328,450006,372182,317114,250731,193188,122647,72014,31870,26586,6746592,618871,596093,568729,550217,638394,641378,571682,502439,446183,377174,337597,281559,230577,158648,105130,57080,64841
,....City of Manila,1846513,169275,166305,158577,157770,181027,178784,155850,133781,119221,101870,92711,76035,61103,40846,26818,12938,13602,918643,87422,86206,81657,79942,90893,90344,80241,67844,59753,50560,44618,35629,27505,17480,10563,4452,3534,927870,81853,80099,76920,77828,90134,88440,75609,65937,59468,51310,48093,40406,33598,23366,16255,8486,10068
,....City of Mandaluyong,425758,38660,36697,34556,31490,43835,46209,39330,33001,28304,23716,20232,16390,12996,8772,5793,2942,2835,209013,19973,18721,17753,15862,21696,23171,19868,16365,14035,11568,9582,7342,5582,3595,2171,992,737,216745,18687,17976,16803,15628,22139,23038,19462,16636,14269,12148,10650,9048,7414,5177,3622,1950,2098
,....City of Marikina,456059,42164,42327,41265,38423,40964,40636,36508,32401,29822,26360,23434,19148,15801,11171,7419,3789,4427,226189,21808,21934,21502,19605,20686,20303,18606,16059,14799,12710,11256,9045,7281,4816,3009,1357,1413,229870,20356,20393,19763,18818,20278,20333,17902,16342,15023,13650,12178,10103,8520,6355,4410,2432,3014
,....City of Pasig,803159,81168,78038,71014,65702,72236,76678,71801,62525,54119,43985,37004,29271,23402,15962,10223,5029,5002,398811,41784,40420,36889,33289,35936,38111,36306,31552,26894,21675,17757,13618,10349,6676,4246,1774,1535,404348,39384,37618,34125,32413,36300,38567,35495,30973,27225,22310,19247,15653,13053,9286,5977,3255,3467
,....Quezon City,2960048,291246,276602,258587,242000,275540,277852,253250,220352,195936,166339,146739,119890,94493,61637,37992,19925,21668,1471795,150043,143243,134265,122666,138255,140263,129117,110813,97025,81606,70154,55865,42848,26784,15431,7170,6247,1488253,141203,133359,124322,119334,137285,137589,124133,109539,98911,84733,76585,64025,51645,34853,22561,12755,15421
,....City of San Juan,126347,10696,10059,9611,8966,11756,11645,10954,9772,8977,7741,6915,6040,4829,3376,2286,1237,1487,61222,5503,5200,5058,4573,5728,5711,5457,4795,4294,3716,3312,2693,2065,1360,960,383,414,65125,5193,4859,4553,4393,6028,5934,5497,4977,4683,4025,3603,3347,2764,2016,1326,854,1073
,....City of Caloocan,1661584,167269,164484,156994,149975,158387,152889,135349,119025,105898,89491,79421,63983,49830,31335,18958,9481,8815,837899,87003,85680,80821,76925,79984,77689,69481,60490,53479,45097,39275,30718,23558,14057,7669,3390,2583,823685,80266,78804,76173,73050,78403,75200,65868,58535,52419,44394,40146,33265,26272,17278,11289,6091,6232
,....City of Malabon,380522,35986,36534,35823,34493,36974,34532,30467,27037,24764,20969,18217,15027,11968,7821,5075,2414,2421,192566,18638,19033,18540,17742,18807,17782,15833,13719,12564,10628,9089,7353,5570,3518,2130,911,709,187956,17348,17501,17283,16751,18167,16750,14634,13318,12200,10341,9128,7674,6398,4303,2945,1503,1712
,....City of Navotas,247543,25338,25716,24387,23157,23449,21495,19208,16910,15592,13222,11433,9450,7373,4933,3069,1513,1298,126440,13151,13545,12531,11896,12043,11072,10028,8650,8103,6853,5725,4756,3634,2284,1213,568,388,121103,12187,12171,11856,11261,11406,10423,9180,8260,7489,6369,5708,4694,3739,2649,1856,945,910
,....City of Valenzuela,714978,66787,65224,65994,62772,69784,69004,62771,54810,48897,39502,32955,26238,20033,13676,8385,4151,3995,364119,34607,33947,34162,32037,35957,35875,32913,28303,25044,20122,16509,12794,9525,6119,3500,1528,1177,350859,32180,31277,31832,30735,33827,33129,29858,26507,23853,19380,16446,13444,10508,7557,4885,2623,2818
,....City of Las Piñas,606293,55383,55201,52619,50753,57951,56552,52003,46275,41640,34677,29343,23675,19277,13600,8859,4396,4089,301241,28615,28705,27229,25843,29278,28474,26393,22911,20462,17109,14011,10965,8654,5949,3709,1657,1277,305052,26768,26496,25390,24910,28673,28078,25610,23364,21178,17568,15332,12710,10623,7651,5150,2739,2812
,....City of Makati,629616,52781,47946,45475,42940,56905,66246,64133,52730,43207,35790,32104,28022,24244,15978,9967,5041,6107,308003,26913,24778,23568,21772,27830,32979,32754,26255,21306,17190,14889,12718,10729,6783,3979,1766,1794,321613,25868,23168,21907,21168,29075,33267,31379,26475,21901,18600,17215,15304,13515,9195,5988,3275,4313
,....City of Muntinlupa,543445,48136,46334,44074,44014,48654,50360,47913,44123,39589,33328,28463,22771,18459,12433,7664,3703,3427,279618,24980,23928,22638,22373,24787,26049,25334,23634,21177,17713,14923,11460,8879,5740,3415,1493,1095,263827,23156,22406,21436,21641,23867,24311,22579,20489,18412,15615,13540,11311,9580,6693,4249,2210,2332
,....City of Parañaque,689992,65208,60708,57225,52358,62282,65648,63457,55756,48318,39928,34450,27640,22243,14763,9591,5081,5336,342331,33412,31415,29645,26641,31394,33419,32648,27868,24154,19334,16082,12549,9919,6361,3935,1864,1691,347661,31796,29293,27580,25717,30888,32229,30809,27888,24164,20594,18368,15091,12324,8402,5656,3217,3645
,....Pasay City,440656,33053,34729,34458,34309,49923,52833,43251,35477,29598,23544,20439,16166,12573,8734,5729,2887,2953,219940,17056,17858,17643,17142,25108,26672,22233,18362,15038,11718,9971,7652,5596,3805,2274,956,856,220716,15997,16871,16815,17167,24815,26161,21018,17115,14560,11826,10468,8514,6977,4929,3455,1931,2097
,....City of Taguig,886722,90831,85148,80925,74412,88436,91599,82511,68942,57971,45223,37541,29870,22996,14717,8308,3862,3430,447528,47031,44210,41774,37648,44310,46607,42600,35283,29698,22773,18339,14278,10548,6638,3403,1414,974,439194,43800,40938,39151,36764,44126,44992,39911,33659,28273,22450,19202,15592,12448,8079,4905,2448,2456
,....Pateros,65227,5846,5934,5869,5417,5959,5928,5643,4850,4336,3671,3310,2674,2145,1541,1008,561,535,32512,3017,3070,3049,2778,2976,2991,2905,2425,2181,1810,1622,1296,946,682,407,195,162,32715,2829,2864,2820,2639,2983,2937,2738,2425,2155,1861,1688,1378,1199,859,601,366,373
,..CORDILLERA ADMINISTRATIVE REGION (CAR),1797660,158464,171064,175884,179108,175777,160378,140734,122366,104821,88881,82056,71214,58935,42543,27245,16740,21450,922508,81976,89273,90649,91532,90495,83624,73972,64763,55145,46551,42148,36204,29084,20331,12269,6866,7626,875152,76488,81791,85235,87576,85282,76754,66762,57603,49676,42330,39908,35010,29851,22212,14976,9874,13824
,....Abra,250985,19827,24131,25178,25392,21124,19932,18116,16678,14909,12669,12150,10962,9852,7413,4984,3088,4580,128196,10329,12531,12972,13064,10983,10376,9422,8785,7882,6569,6319,5517,4916,3520,2207,1217,1587,122789,9498,11600,12206,12328,10141,9556,8694,7893,7027,6100,5831,5445,4936,3893,2777,1871,2993
,....Apayao,124366,11170,12089,13019,12491,11709,10192,8794,8022,7347,6751,5755,5048,4218,2963,1954,1250,1594,64557,5825,6375,6814,6404,6072,5411,4689,4223,3881,3558,3086,2618,2118,1428,892,555,608,59809,5345,5714,6205,6087,5637,4781,4105,3799,3466,3193,2669,2430,2100,1535,1062,695,986
,....Benguet *,460683,44611,44619,43779,43915,45216,42639,38392,32752,26949,22018,20405,17767,14122,9645,5958,3701,4195,239412,22971,23241,22428,22421,23333,22569,20579,17675,14456,11842,10678,9380,7224,4770,2747,1575,1523,221271,21640,21378,21351,21494,21883,20070,17813,15077,12493,10176,9727,8387,6898,4875,3211,2126,2672
,....Ifugao,207498,20430,21922,22248,21250,19816,18433,15768,13250,11384,9491,8418,7267,6039,4687,2839,1697,2559,107985,10540,11484,11396,10920,10267,9756,8447,7301,6201,5237,4369,3744,2954,2321,1362,708,978,99513,9890,10438,10852,10330,9549,8677,7321,5949,5183,4254,4049,3523,3085,2366,1477,989,1581
,....Kalinga,229570,22223,23627,24184,24218,22563,19870,16897,14085,12556,10927,9858,8289,6956,5189,3386,2174,2568,118734,11519,12264,12610,12392,11651,10405,9123,7518,6713,5678,5032,4297,3391,2588,1574,952,1027,110836,10704,11363,11574,11826,10912,9465,7774,6567,5843,5249,4826,3992,3565,2601,1812,1222,1541
,....Mountain Province,158200,13607,15809,16721,16812,14685,13183,11728,9726,8473,7500,7215,6377,5353,4038,2649,1830,2494,82274,7058,8263,8664,8675,7848,7026,6206,5237,4518,4023,3919,3331,2731,2023,1155,751,846,75926,6549,7546,8057,8137,6837,6157,5522,4489,3955,3477,3296,3046,2622,2015,1494,1079,1648
,....City of Baguio,366358,26596,28867,30755,35030,40664,36129,31039,27853,23203,19525,18255,15504,12395,8608,5475,3000,3460,181350,13734,15115,15765,17656,20341,18081,15506,14024,11494,9644,8745,7317,5750,3681,2332,1108,1057,185008,12862,13752,14990,17374,20323,18048,15533,13829,11709,9881,9510,8187,6645,4927,3143,1892,2403
,..REGION I (ILOCOS REGION),5301139,479917,499613,514741,501884,463796,422818,380740,357248,324662,286913,264095,226610,190179,141470,104558,65510,76385,2687491,248735,260004,267358,259213,239327,217967,195979,183649,167603,147841,134718,113452,92627,65348,44468,24767,24435,2613648,231182,239609,247383,242671,224469,204851,184761,173599,157059,139072,129377,113158,97552,76122,60090,40743,51950
,....Ilocos Norte,609588,46568,49231,55261,54061,52276,48389,45544,44280,39544,35421,33428,28379,23701,18091,13401,9753,12260,306830,24062,25724,28780,28024,27102,24652,23386,22925,20360,18134,16869,13910,11263,8159,5606,3768,4106,302758,22506,23507,26481,26037,25174,23737,22158,21355,19184,17287,16559,14469,12438,9932,7795,5985,8154
,....Ilocos Sur,706009,53050,60014,65788,64584,59253,56544,51408,49895,45931,39939,37384,33263,27704,21505,15189,10641,13917,357026,27619,31235,34008,33364,30744,29281,26571,25714,23878,20616,19265,16753,13461,9820,6411,3876,4410,348983,25431,28779,31780,31220,28509,27263,24837,24181,22053,19323,18119,16510,14243,11685,8778,6765,9507
,....La Union,822352,67913,72665,75521,75169,72716,67261,61199,57510,51841,45483,42722,37649,32231,23578,16886,9742,12266,416270,35215,37901,39176,38830,37500,34611,31397,29583,26693,23427,21835,18786,15656,10915,7162,3726,3857,406082,32698,34764,36345,36339,35216,32650,29802,27927,25148,22056,20887,18863,16575,12663,9724,6016,8409
,....Pangasinan,3163190,312386,317703,318171,308070,279551,250624,222589,205563,187346,166070,150561,127319,106543,78296,59082,35374,37942,1607365,161839,165144,165394,158995,143981,129423,114625,105427,96672,85664,76749,64003,52247,36454,25289,13397,12062,1555825,150547,152559,152777,149075,135570,121201,107964,100136,90674,80406,73812,63316,54296,41842,33793,21977,25880
,..REGION II (CAGAYAN VALLEY),3685744,330685,361018,366748,346208,330729,305415,273296,244863,229559,200146,179805,158618,131229,93741,58781,34143,40760,1879118,170477,187828,189092,178346,170243,157083,141594,127077,119291,104074,92265,80283,64707,44099,25553,13390,13716,1806626,160208,173190,177656,167862,160486,148332,131702,117786,110268,96072,87540,78335,66522,49642,33228,20753,27044
,....Batanes,18831,1342,1518,1656,1802,1647,1553,1331,1228,1218,1206,1039,903,684,561,387,318,438,9769,684,828,863,928,901,883,722,646,676,628,552,476,327,262,160,115,118,9062,658,690,793,874,746,670,609,582,542,578,487,427,357,299,227,203,320
,....Cagayan,1268603,109780,123765,126101,118821,115263,104335,92098,83379,77639,68511,61405,55650,47176,34171,21137,12835,16537,642729,56867,64474,65119,61193,59212,53332,47275,42794,39913,35455,31185,27876,22718,15877,8955,4957,5527,625874,52913,59291,60982,57628,56051,51003,44823,40585,37726,33056,30220,27774,24458,18294,12182,7878,11010
,....Isabela,1697050,154636,164977,168999,158444,151404,141897,127663,112769,107524,93337,84014,72891,59109,41641,26317,15034,16394,864760,79427,85707,87166,81713,77618,72704,66038,58263,55784,48436,42949,36998,29453,19565,11518,5862,5559,832290,75209,79270,81833,76731,73786,69193,61625,54506,51740,44901,41065,35893,29656,22076,14799,9172,10835
,....Nueva Vizcaya,497432,46072,50149,48788,47369,44272,40795,37142,33655,30446,26059,23859,20957,17479,12611,8023,4272,5484,256232,23838,26103,25020,24248,23098,21279,19622,18025,16184,13703,12501,10718,8746,6005,3573,1735,1834,241200,22234,24046,23768,23121,21174,19516,17520,15630,14262,12356,11358,10239,8733,6606,4450,2537,3650
,....Quirino,203828,18855,20609,21204,19772,18143,16835,15062,13832,12732,11033,9488,8217,6781,4757,2917,1684,1907,105628,9661,10716,10924,10264,9414,8885,7937,7349,6734,5852,5078,4215,3463,2390,1347,721,678,98200,9194,9893,10280,9508,8729,7950,7125,6483,5998,5181,4410,4002,3318,2367,1570,963,1229
,..REGION III (CENTRAL LUZON),12422172,1189025,1212391,1218816,1154597,1156224,1057220,935195,845574,781071,667906,610831,497681,403317,282716,193782,106346,109480,6300189,615231,631437,631564,593876,593274,541255,478107,429002,398314,340960,308902,248821,196377,131733,84281,41742,35313,6121983,573794,580954,587252,560721,562950,515965,457088,416572,382757,326946,301929,248860,206940,150983,109501,64604,74167
,....Aurora,235750,23603,25017,25460,23824,21306,18735,16864,14518,13335,12468,11054,9246,7521,5308,3448,2043,2000,120954,12135,13004,13200,12185,10981,9645,8788,7574,6909,6460,5779,4906,3758,2575,1546,833,676,114796,11468,12013,12260,11639,10325,9090,8076,6944,6426,6008,5275,4340,3763,2733,1902,1210,1324
,....Bataan,853373,85731,85490,84430,78062,79441,71540,64309,59064,53252,43943,40345,33930,28666,20103,12960,5899,6208,431839,44160,44333,43729,40251,41237,36536,32915,29811,26858,22268,20011,16641,13728,9212,5792,2347,2010,421534,41571,41157,40701,37811,38204,35004,31394,29253,26394,21675,20334,17289,14938,10891,7168,3552,4198
,....Bulacan,3708890,346709,358816,362184,341838,349780,321451,282765,259439,241921,202102,183863,147289,117869,81532,53806,28727,28799,1877619,180284,187566,187391,175308,179055,165139,144572,131312,122892,102202,92845,72570,56319,37389,22689,10984,9102,1831271,166425,171250,174793,166530,170725,156312,138193,128127,119029,99900,91018,74719,61550,44143,31117,17743,19697
,....Nueva Ecija,2310134,222532,227600,228610,212488,205314,191693,168163,154122,143591,125934,116691,96943,78413,54963,36939,22754,23384,1171914,114951,118672,118713,109211,105367,98164,86030,78330,73600,64371,59319,48750,38468,25898,15875,8844,7351,1138220,107581,108928,109897,103277,99947,93529,82133,75792,69991,61563,57372,48193,39945,29065,21064,13910,16033
,....Pampanga *,2437709,230666,229819,234564,230651,234572,211150,186139,165980,155012,131315,120216,95442,77100,54007,38764,20805,21507,1240359,119071,119066,121837,118776,120564,108188,95295,84475,79271,67460,61022,48257,38126,25677,17406,8496,7372,1197350,111595,110753,112727,111875,114008,102962,90844,81505,75741,63855,59194,47185,38974,28330,21358,12309,14135
,....Tarlac,1503456,147425,152170,152410,140022,133356,121889,108689,98495,90979,80927,73553,60803,50037,35934,26141,14882,15744,766223,76233,79507,79157,72482,68983,62944,55834,50394,46801,41826,37306,30810,24684,16816,11472,5873,5101,737233,71192,72663,73253,67540,64373,58945,52855,48101,44178,39101,36247,29993,25353,19118,14669,9009,10643
,....Zambales *,649615,59914,65386,65448,61625,57522,51151,48256,43272,38423,34200,32500,27597,22860,16458,11770,6279,6954,329695,31199,34079,33652,31945,29618,26250,24740,21940,19615,17584,16493,13908,11265,7662,5189,2420,2136,319920,28715,31307,31796,29680,27904,24901,23516,21332,18808,16616,16007,13689,11595,8796,6581,3859,4818
,....City of Angeles,462928,49742,45037,42530,41832,47780,45425,38811,33074,28688,22698,19832,15837,12519,8203,5529,2685,2706,231679,25374,23289,21963,21244,23667,22160,19182,16450,14518,11556,9816,7924,6119,3846,2538,1108,925,231249,24368,21748,20567,20588,24113,23265,19629,16624,14170,11142,10016,7913,6400,4357,2991,1577,1781
,....City of Olongapo,260317,22703,23056,23180,24255,27153,24186,21199,17610,15870,14319,12777,10594,8332,6208,4425,2272,2178,129907,11824,11921,11922,12474,13802,12229,10751,8716,7850,7233,6311,5055,3910,2658,1774,837,640,130410,10879,11135,11258,11781,13351,11957,10448,8894,8020,7086,6466,5539,4422,3550,2651,1435,1538
,..REGION IV-A (CALABARZON),16195042,1553295,1572079,1550453,1474716,1511748,1433847,1299787,1183643,1066537,873461,760023,620045,500453,344340,217671,117824,115120,8157927,802193,816530,801532,757016,771183,727707,663060,597645,539262,442550,377602,302413,237139,154973,90165,42958,33999,8037115,751102,755549,748921,717700,740565,706140,636727,585998,527275,430911,382421,317632,263314,189367,127506,74866,81121
,....Batangas,2908494,275907,275430,274122,272757,278414,258252,222327,205927,185925,156494,136704,109361,90404,66029,45969,26339,28133,1464312,143031,143842,142390,140476,142002,130743,113055,103864,94493,79401,68457,53996,43187,29427,18456,9316,8176,1444182,132876,131588,131732,132281,136412,127509,109272,102063,91432,77093,68247,55365,47217,36602,27513,17023,19957
,....Cavite,4344829,401628,404867,400060,383093,408214,392983,367147,335404,298930,241479,208129,168756,132471,88110,55806,28760,28992,2181053,207721,210466,206632,196174,208118,199845,186641,168443,149427,121005,102093,81039,61695,39435,23073,10543,8703,2163776,193907,194401,193428,186919,200096,193138,180506,166961,149503,120474,106036,87717,70776,48675,32733,18217,20289
,....Laguna,3382193,312103,316735,309422,290445,319606,321848,288495,259885,231792,182378,157220,128661,104978,71946,42965,22586,21128,1699576,161531,164073,160138,149541,162088,162346,147183,130814,116750,92509,77716,61575,49316,32034,17766,8174,6022,1682617,150572,152662,149284,140904,157518,159502,141312,129071,115042,89869,79504,67086,55662,39912,25199,14412,15106
,....Quezon *,1950459,200900,210470,213205,196683,170507,148723,132415,119486,111908,99411,92277,78801,65111,46153,29299,17896,17214,993305,103419,109091,109905,101397,88437,76383,68203,61699,57981,51402,47243,40227,32096,21650,12424,6599,5149,957154,97481,101379,103300,95286,82070,72340,64212,57787,53927,48009,45034,38574,33015,24503,16875,11297,12065
,....Rizal,3330143,332966,335470,325087,304610,307939,288681,269529,245113,221576,179744,152940,123691,98898,66038,39965,20206,17690,1680239,171026,174068,167819,155702,156764,146435,137967,123803,112404,91267,75963,60314,46810,29794,17018,7650,5435,1649904,161940,161402,157268,148908,151175,142246,131562,121310,109172,88477,76977,63377,52088,36244,22947,12556,12255
,....City of Lucena,278924,29791,29107,28557,27128,27068,23360,19874,17828,16406,13955,12753,10775,8591,6064,3667,2037,1963,139442,15465,14990,14648,13726,13774,11955,10011,9022,8207,6966,6130,5262,4035,2633,1428,676,514,139482,14326,14117,13909,13402,13294,11405,9863,8806,8199,6989,6623,5513,4556,3431,2239,1361,1449
,..MIMAROPA REGION,3228558,332073,356218,357972,339057,295056,253990,220795,199894,181006,160250,140783,118630,97817,69766,47291,29082,28878,1652942,171928,184518,185084,173268,151978,130080,114084,104071,95121,84194,73062,60982,48828,33448,20944,11801,9551,1575616,160145,171700,172888,165789,143078,123910,106711,95823,85885,76056,67721,57648,48989,36318,26347,17281,19327
,....Marinduque,239207,23491,24763,26120,25057,19067,14994,14200,13461,13695,12457,12199,10342,9602,7432,5463,3496,3368,120592,12296,12834,13427,12898,10066,7655,7125,6848,7019,6377,6192,5102,4693,3437,2354,1311,958,118615,11195,11929,12693,12159,9001,7339,7075,6613,6676,6080,6007,5240,4909,3995,3109,2185,2410
,....Occidental Mindoro,525354,58036,61110,60345,55640,45930,39579,34793,32272,29451,26384,22755,18474,14798,10353,7183,4135,4116,271450,30104,31784,31440,28489,23696,20373,18259,16906,15721,13998,11991,9705,7484,5016,3228,1783,1473,253904,27932,29326,28905,27151,22234,19206,16534,15366,13730,12386,10764,8769,7314,5337,3955,2352,2643
,....Oriental Mindoro,908339,92542,98134,99792,93587,80329,71267,63044,56834,52588,46407,40892,34286,28696,20421,13537,7889,8094,460158,47837,51006,51320,47907,41077,36229,31977,29174,27143,23957,20819,17210,13913,9539,5654,2938,2458,448181,44705,47128,48472,45680,39252,35038,31067,27660,25445,22450,20073,17076,14783,10882,7883,4951,5636
,....Palawan *,939594,102336,111262,107516,100101,88696,76815,64916,58187,50501,43763,36541,31006,24605,17588,11734,7207,6820,488281,52993,57274,55603,51241,46137,39869,34074,30962,27169,23569,19552,16543,12689,8887,5751,3299,2669,451313,49343,53988,51913,48860,42559,36946,30842,27225,23332,20194,16989,14463,11916,8701,5983,3908,4151
,....Romblon,308985,27809,32183,34631,33756,27664,22025,19480,17595,16142,15594,15001,13298,11216,7904,5752,4411,4524,156429,14323,16740,18031,17329,14568,11341,10110,9054,8400,8070,7652,6626,5488,3538,2247,1641,1271,152556,13486,15443,16600,16427,13096,10684,9370,8541,7742,7524,7349,6672,5728,4366,3505,2770,3253
,....City of Puerto Princesa,307079,27859,28766,29568,30916,33370,29310,24362,21545,18629,15645,13395,11224,8900,6068,3622,1944,1956,156032,14375,14880,15263,15404,16434,14613,12539,11127,9669,8223,6856,5796,4561,3031,1710,829,722,151047,13484,13886,14305,15512,16936,14697,11823,10418,8960,7422,6539,5428,4339,3037,1912,1115,1234
,..REGION V (BICOL REGION),6082165,679109,697784,693684,666774,532158,440903,386835,346031,324535,285163,265586,224677,186288,137019,96271,60914,58434,3088836,351371,363396,359229,341971,274097,226065,200238,178712,166954,145365,134136,112401,90340,63197,40465,22912,17987,2993329,327738,334388,334455,324803,258061,214838,186597,167319,157581,139798,131450,112276,95948,73822,55806,38002,40447
,....Albay,1374768,138717,147831,150800,148960,123448,103156,90990,83046,77971,67447,62174,52574,43765,32606,23555,14146,13582,695486,71841,77227,78150,76277,63606,52795,46577,42657,39959,34055,31330,26155,20741,14974,9841,5278,4023,679282,66876,70604,72650,72683,59842,50361,44413,40389,38012,33392,30844,26419,23024,17632,13714,8868,9559
,....Camarines Norte,629699,73396,73286,70440,64643,54163,46237,41154,36296,33730,29713,28605,23861,19660,14073,9409,5747,5286,320396,38031,38155,36279,33093,27837,23612,21516,18640,17375,15261,14594,12099,9779,6566,3944,2094,1521,309303,35365,35131,34161,31550,26326,22625,19638,17656,16355,14452,14011,11762,9881,7507,5465,3653,3765
,....Camarines Sur,2068244,236648,236166,235547,228743,182003,150523,133978,118622,109984,94656,87448,74754,62385,46226,32243,19567,18751,1050560,122393,123058,121986,117312,93733,77350,69429,61351,56630,48070,44059,37137,30039,21294,13510,7381,5828,1017684,114255,113108,113561,111431,88270,73173,64549,57271,53354,46586,43389,37617,32346,24932,18733,12186,12923
,....Catanduanes,271879,29402,30670,30531,29894,23591,19364,16725,15172,14079,12944,12297,10532,8510,6367,4634,3407,3760,139170,15278,15849,15853,15619,12371,10099,8624,7943,7268,6801,6368,5434,4301,2947,1935,1306,1174,132709,14124,14821,14678,14275,11220,9265,8101,7229,6811,6143,5929,5098,4209,3420,2699,2101,2586
,....Masbate,908920,110734,115206,115274,103341,75642,62166,53158,46688,43871,40181,36936,31230,26207,18936,12595,8655,8100,461204,57016,59462,59292,52731,38448,31588,27819,24369,22658,20589,18514,15666,12825,8781,5413,3329,2704,447716,53718,55744,55982,50610,37194,30578,25339,22319,21213,19592,18422,15564,13382,10155,7182,5326,5396
,....Sorsogon,828655,90212,94625,91092,91193,73311,59457,50830,46207,44900,40222,38126,31726,25761,18811,13835,9392,8955,422020,46812,49645,47669,46939,38102,30621,26273,23752,23064,20589,19271,15910,12655,8635,5822,3524,2737,406635,43400,44980,43423,44254,35209,28836,24557,22455,21836,19633,18855,15816,13106,10176,8013,5868,6218
,..REGION VI (WESTERN VISAYAS),7954723,761806,790372,793261,761645,700913,639126,573066,509944,462327,409438,379102,334935,282522,211970,142916,95852,105528,4044494,392985,410788,410587,390958,361141,330789,300885,268427,243520,211702,191952,167068,135565,97677,60621,36503,33326,3910229,368821,379584,382674,370687,339772,308337,272181,241517,218807,197736,187150,167867,146957,114293,82295,59349,72202
,....Aklan,615475,56737,59041,61256,57788,55863,51370,45929,40979,36285,30852,28543,24703,21047,16195,11787,8090,9010,313737,29279,30735,31777,29772,29097,26805,24133,21623,19253,16157,14626,12374,10114,7571,4876,2995,2550,301738,27458,28306,29479,28016,26766,24565,21796,19356,17032,14695,13917,12329,10933,8624,6911,5095,6460
,....Antique,612974,61990,62365,61725,60883,54053,47073,42395,37522,34291,30581,28328,25474,21500,16004,11327,8170,9293,312800,31990,32311,31969,31421,28159,24733,22367,19890,18253,16059,14286,12697,10419,7367,4764,3146,2969,300174,30000,30054,29756,29462,25894,22340,20028,17632,16038,14522,14042,12777,11081,8637,6563,5024,6324
,....Capiz,804952,73919,74996,76939,77732,74176,65867,57268,51203,47290,41706,39415,34954,29719,22658,15169,10418,11523,409071,38058,38800,40064,39759,38122,34111,30239,27085,25031,21815,19952,17575,14260,10374,6400,3927,3499,395881,35861,36196,36875,37973,36054,31756,27029,24118,22259,19891,19463,17379,15459,12284,8769,6491,8024
,....Guimaras,187842,17749,18194,17816,16950,16042,15145,14190,12862,11251,9985,8876,8093,6930,5104,3510,2316,2829,96392,9177,9437,9145,8722,8452,7732,7370,6828,6098,5210,4598,4107,3492,2514,1579,965,966,91450,8572,8757,8671,8228,7590,7413,6820,6034,5153,4775,4278,3986,3438,2590,1931,1351,1863
,....Iloilo *,2051899,186693,198416,201440,193963,177522,161889,150293,133984,121463,106328,99177,87662,74585,57165,40889,27771,32659,1045319,96372,103467,104387,100250,91843,84328,78900,70442,64261,55313,50644,44041,36178,26426,17288,10698,10481,1006580,90321,94949,97053,93713,85679,77561,71393,63542,57202,51015,48533,43621,38407,30739,23601,17073,22178
,....Negros Occidental *,2623172,265663,279559,278048,260285,224887,207217,182196,160118,145609,133160,122696,109135,90390,66343,41605,28057,28204,1341528,137183,145284,143701,133776,116279,107308,96448,85142,77041,68600,62495,54866,43801,31090,18194,10864,9456,1281644,128480,134275,134347,126509,108608,99909,85748,74976,68568,64560,60201,54269,46589,35253,23411,17193,18748
,....City of Bacolod,600783,54350,55260,55997,55636,55456,50850,45572,41276,37476,32717,29749,25266,21750,16246,10514,6212,6456,298569,28048,28794,28893,27817,27718,25682,23316,21128,18930,16427,14527,12133,9780,7015,4290,2225,1846,302214,26302,26466,27104,27819,27738,25168,22256,20148,18546,16290,15222,13133,11970,9231,6224,3987,4610
,....City of Iloilo,457626,44705,42541,40040,38408,42914,39715,35223,32000,28662,24109,22318,19648,16601,12255,8115,4818,5554,227078,22878,21960,20651,19441,21471,20090,18112,16289,14653,12121,10824,9275,7521,5320,3230,1683,1559,230548,21827,20581,19389,18967,21443,19625,17111,15711,14009,11988,11494,10373,9080,6935,4885,3135,3995
,..REGION VII (CENTRAL VISAYAS),8081988,818458,831160,814141,782134,739566,693342,602033,523606,464865,406654,357904,312268,255384,189707,126031,82285,82450,4107820,424085,431814,420924,400677,376996,354228,312093,271698,239841,207826,180633,155863,124157,88725,55815,33522,28923,3974168,394373,399346,393217,381457,362570,339114,289940,251908,225024,198828,177271,156405,131227,100982,70216,48763,53527
,....Bohol,1394329,132625,138346,141830,142435,117383,103419,94222,84478,79185,73012,66877,59502,50730,37756,29002,21361,22166,710739,68751,72239,73520,73519,61095,53477,48913,43949,41290,37735,34126,29934,24997,17740,12865,8727,7862,683590,63874,66107,68310,68916,56288,49942,45309,40529,37895,35277,32751,29568,25733,20016,16137,12634,14304
,....Cebu *,3325385,355059,361227,346084,324818,299427,279364,243163,213479,188556,162924,141768,123112,100185,75726,49105,31240,30148,1696389,183909,187849,179482,167753,153714,142817,125998,110839,97582,83615,71943,61960,48868,35268,21810,12594,10388,1628996,171150,173378,166602,157065,145713,136547,117165,102640,90974,79309,69825,61152,51317,40458,27295,18646,19760
,....Negros Oriental,1432990,144422,148112,145578,138615,125503,117648,101119,87197,77680,71823,66179,61580,50693,38958,24415,16140,17328,730562,74897,76657,74925,70514,64084,60799,53302,45857,40403,36732,33118,30813,24874,18875,11153,6940,6619,702428,69525,71455,70653,68101,61419,56849,47817,41340,37277,35091,33061,30767,25819,20083,13262,9200,10709
,....Siquijor,103395,8041,9046,9240,9465,8297,7869,7290,6774,6327,5983,5524,4957,4297,3469,2565,2077,2174,52192,4158,4589,4770,4850,4284,4053,3720,3512,3284,3076,2893,2495,2087,1673,1117,887,744,51203,3883,4457,4470,4615,4013,3816,3570,3262,3043,2907,2631,2462,2210,1796,1448,1190,1430
,....City of Cebu,964169,95372,92172,89895,89666,99594,94858,78878,65966,56799,48323,42000,35510,28697,20011,12571,7024,6833,482241,49148,47663,46277,45005,49140,47940,40460,33758,28717,24081,20506,17157,13350,8960,5323,2666,2090,481928,46224,44509,43618,44661,50454,46918,38418,32208,28082,24242,21494,18353,15347,11051,7248,4358,4743
,....City of Lapu-Lapu (Opon),497604,50681,50676,50105,45063,49979,50421,44324,38024,32424,25010,19250,14537,11041,7310,4542,2355,1862,250299,26312,26330,25825,22740,24849,24700,22310,19377,16375,12601,9747,7137,5304,3303,1914,887,588,247305,24369,24346,24280,22323,25130,25721,22014,18647,16049,12409,9503,7400,5737,4007,2628,1468,1274
,....City of Mandaue,364116,32258,31581,31409,32072,39383,39763,33037,27688,23894,19579,16306,13070,9741,6477,3831,2088,1939,185398,16910,16487,16125,16296,19830,20442,17390,14406,12190,9986,8300,6367,4677,2906,1633,821,632,178718,15348,15094,15284,15776,19553,19321,15647,13282,11704,9593,8006,6703,5064,3571,2198,1267,1307
,..REGION VIII (EASTERN VISAYAS),4547150,475777,499348,497429,478776,405926,339954,292211,260340,245467,223590,206080,178037,150241,110239,80153,53118,50464,2333375,246009,259523,257458,245756,210391,176413,153606,137219,128941,116864,106151,91355,75265,52765,35820,21953,17886,2213775,229768,239825,239971,233020,195535,163541,138605,123121,116526,106726,99929,86682,74976,57474,44333,31165,32578
,....Biliran,179312,18066,20373,20147,18539,15099,12805,10958,10021,9542,8957,8489,7410,6144,4705,3480,2279,2298,91472,9421,10578,10475,9605,7761,6623,5697,5235,4911,4686,4295,3727,3057,2189,1542,894,776,87840,8645,9795,9672,8934,7338,6182,5261,4786,4631,4271,4194,3683,3087,2516,1938,1385,1522
,....Eastern Samar,477168,47677,50796,52162,51997,43971,35370,30164,26689,25389,23608,21633,18462,15563,11577,8994,6470,6646,247333,24743,26346,26946,26918,23069,18589,16125,14267,13552,12484,11293,9783,7895,5730,4275,2876,2442,229835,22934,24450,25216,25079,20902,16781,14039,12422,11837,11124,10340,8679,7668,5847,4719,3594,4204
,....Leyte *,1776847,186843,193017,191175,177642,151597,134326,118737,105446,98246,87451,81040,72060,62138,45769,32009,20189,19162,912011,96438,100311,99170,90936,78473,69416,62387,56062,52077,45845,41662,37170,31157,21948,14297,8141,6521,864836,90405,92706,92005,86706,73124,64910,56350,49384,46169,41606,39378,34890,30981,23821,17712,12048,12641
,....Northern Samar,639186,71196,76389,76385,74179,59548,45597,38116,33579,31954,29913,26534,21979,17848,13293,9794,6885,5997,327800,36758,39583,39477,38182,31125,23783,20081,17652,16563,15428,13645,11003,8869,6282,4350,2820,2199,311386,34438,36806,36908,35997,28423,21814,18035,15927,15391,14485,12889,10976,8979,7011,5444,4065,3798
,....Samar (Western Samar),793183,85418,90736,89274,89168,74149,59324,47522,42671,41079,39168,35166,28988,23946,17176,12757,8769,7872,408395,44040,47170,45937,45615,38432,31082,25225,22401,21658,20599,18364,15072,12165,8348,5586,3718,2983,384788,41378,43566,43337,43553,35717,28242,22297,20270,19421,18569,16802,13916,11781,8828,7171,5051,4889
,....Southern Leyte,429573,39643,41230,43552,42905,35757,30470,28263,25777,25236,22348,22290,19675,16945,12588,9695,6519,6680,218819,20716,21610,22680,22152,18415,15616,14598,13178,12970,11649,11445,9918,8427,5970,4356,2720,2399,210754,18927,19620,20872,20753,17342,14854,13665,12599,12266,10699,10845,9757,8518,6618,5339,3799,4281
,....City of Tacloban,251881,26934,26807,24734,24346,25805,22062,18451,16157,14021,12145,10928,9463,7657,5131,3424,2007,1809,127545,13893,13925,12773,12348,13116,11304,9493,8424,7210,6173,5447,4682,3695,2298,1414,784,566,124336,13041,12882,11961,11998,12689,10758,8958,7733,6811,5972,5481,4781,3962,2833,2010,1223,1243
,..REGION IX (ZAMBOANGA PENINSULA),3875576,426424,443026,427065,397063,355135,313454,266218,229557,211774,187800,166390,139685,114058,83016,52039,31819,31053,1976820,218922,228684,218621,202003,180769,160831,138419,119860,110858,96893,84816,71189,56363,40068,23397,13490,11637,1898756,207502,214342,208444,195060,174366,152623,127799,109697,100916,90907,81574,68496,57695,42948,28642,18329,19416
,....Zamboanga del Norte,1047455,120442,120273,115274,107175,92182,79816,68165,59513,55052,51224,46135,39598,32315,24243,15552,10498,9998,537198,62010,62394,59277,54946,47086,41269,35755,31285,28865,26484,23734,20493,16205,11800,7162,4607,3826,510257,58432,57879,55997,52229,45096,38547,32410,28228,26187,24740,22401,19105,16110,12443,8390,5891,6172
,....Zamboanga del Sur *,1050668,117637,120236,117309,108968,94408,84372,71499,59911,56409,49949,44683,38638,31686,22738,14234,8820,9171,536990,60162,62011,60031,55513,48198,43360,37491,31668,29944,25944,22733,19649,15702,10882,6429,3736,3537,513678,57475,58225,57278,53455,46210,41012,34008,28243,26465,24005,21950,18989,15984,11856,7805,5084,5634
,....Zamboanga Sibugay,669840,72720,80838,78661,71228,58357,53195,45909,39081,35583,31503,28441,23346,18908,13532,8370,5187,4981,343163,37584,41760,40251,36308,29609,27072,23851,20439,18797,16416,14695,11995,9498,6728,3841,2293,2026,326677,35136,39078,38410,34920,28748,26123,22058,18642,16786,15087,13746,11351,9410,6804,4529,2894,2955
,....City of Isabela **,130379,16709,15678,14748,13418,12845,10652,8940,7581,6693,5806,4982,3967,3110,2321,1428,735,766,65675,8700,8067,7495,6659,6493,5306,4516,3729,3403,2881,2574,2043,1508,1119,639,296,247,64704,8009,7611,7253,6759,6352,5346,4424,3852,3290,2925,2408,1924,1602,1202,789,439,519
,....City of Zamboanga,977234,98916,106001,101073,96274,97343,85419,71705,63471,58037,49318,42149,34136,28039,20182,12455,6579,6137,493794,50466,54452,51567,48577,49383,43824,36806,32739,29849,25168,21080,17009,13450,9539,5326,2558,2001,483440,48450,51549,49506,47697,47960,41595,34899,30732,28188,24150,21069,17127,14589,10643,7129,4021,4136
,..REGION X (NORTHERN MINDANAO),5022768,546398,567248,542291,502593,456335,417968,366781,307511,279607,242197,215534,182797,148323,105308,64822,38381,38674,2566715,281519,293423,279029,255915,232523,214929,192091,160895,145672,125029,109265,92274,73271,50922,29794,16156,14008,2456053,264879,273825,263262,246678,223812,203039,174690,146616,133935,117168,106269,90523,75052,54386,35028,22225,24666
,....Bukidnon,1541308,170521,185320,175502,157723,138341,128431,114696,94088,83685,71315,62121,52162,41827,28365,16905,10034,10272,801618,88364,95707,90392,81189,71488,67710,61327,50518,44838,37725,32315,27140,21435,14352,8366,4633,4119,739690,82157,89613,85110,76534,66853,60721,53369,43570,38847,33590,29806,25022,20392,14013,8539,5401,6153
,....Camiguin,92808,8900,10043,9710,9112,7422,6640,5856,5413,5218,4901,4806,4263,3365,2555,1868,1325,1411,47216,4609,5193,5064,4652,3840,3323,3056,2833,2743,2499,2452,2182,1698,1223,836,538,475,45592,4291,4850,4646,4460,3582,3317,2800,2580,2475,2402,2354,2081,1667,1332,1032,787,936
,....Lanao del Norte *,722902,89828,92460,86571,77538,68075,60103,49600,41359,36528,30557,26073,20430,16489,11717,7447,3998,4129,363102,45846,46804,43745,38532,33718,29587,25272,21099,18712,15638,13093,10450,8236,5652,3443,1717,1558,359800,43982,45656,42826,39006,34357,30516,24328,20260,17816,14919,12980,9980,8253,6065,4004,2281,2571
,....Misamis Occidental,617333,60350,62247,62083,60595,53502,47233,41853,36374,35436,33001,31126,26995,22599,16933,11514,7769,7723,312526,30899,32367,32053,30950,27403,24257,21748,18889,18485,16955,15820,13467,10868,7826,4940,3040,2559,304807,29451,29880,30030,29645,26099,22976,20105,17485,16951,16046,15306,13528,11731,9107,6574,4729,5164
,....Misamis Oriental *,956900,106556,107977,102994,95075,83224,76398,69079,57811,52844,45877,42044,36842,29617,21404,13168,7860,8130,491005,54825,56479,53338,49005,43134,39635,36246,30368,27488,23641,21180,18515,14608,10439,5964,3245,2895,465895,51731,51498,49656,46070,40090,36763,32833,27443,25356,22236,20864,18327,15009,10965,7204,4615,5235
,....City of Cagayan de Oro,728402,71258,70732,67988,65946,71651,68215,60052,50213,45359,38414,33112,27778,22842,16239,9203,4841,4559,368664,36801,36744,35026,33255,35881,34843,31300,25952,23147,19545,16517,13556,10837,7560,4168,1969,1563,359738,34457,33988,32962,32691,35770,33372,28752,24261,22212,18869,16595,14222,12005,8679,5035,2872,2996
,....City of Iligan,363115,38985,38469,37443,36604,34120,30948,25645,22253,20537,18132,16252,14327,11584,8095,4717,2554,2450,182584,20175,20129,19411,18332,17059,15574,13142,11236,10259,9026,7888,6964,5589,3870,2077,1014,839,180531,18810,18340,18032,18272,17061,15374,12503,11017,10278,9106,8364,7363,5995,4225,2640,1540,1611
,..REGION XI (DAVAO REGION),5243536,542024,551507,544264,498580,475544,445141,408997,345108,310101,267807,232759,193785,162692,114816,70860,40322,39229,2695648,279290,284843,280215,254377,242203,230077,216025,183003,164329,140343,119652,98501,81011,55652,33166,17708,15253,2547888,262734,266664,264049,244203,233341,215064,192972,162105,145772,127464,113107,95284,81681,59164,37694,22614,23976
,....Davao de Oro (Compostela Valley),767547,78750,84129,83412,79054,65611,63101,58188,48099,42691,38540,35432,28871,23490,16038,9967,6154,6020,401723,40760,43507,43385,40858,33963,33229,31503,26100,23334,20591,18921,15169,12266,8027,4836,2823,2451,365824,37990,40622,40027,38196,31648,29872,26685,21999,19357,17949,16511,13702,11224,8011,5131,3331,3569
,....Davao del Norte,1125057,117985,118075,114270,104303,97958,94794,90280,77090,68362,57472,50083,41992,35527,25109,15035,8650,8072,579554,60705,60680,58846,53343,49636,48781,47657,41081,36266,30202,25972,21543,17849,12526,7309,3907,3251,545503,57280,57395,55424,50960,48322,46013,42623,36009,32096,27270,24111,20449,17678,12583,7726,4743,4821
,....Davao del Sur *,680481,70494,69228,70290,62295,59324,55672,52544,44387,40421,35274,31302,27129,23499,16665,10412,5734,5811,349638,36324,36053,36163,31886,30422,28738,27755,23399,21479,18570,15879,13670,11723,7959,4839,2537,2242,330843,34170,33175,34127,30409,28902,26934,24789,20988,18942,16704,15423,13459,11776,8706,5573,3197,3569
,....Davao Occidental,317159,38121,39375,38764,31995,26823,23734,21902,18515,16882,15545,12667,10324,8706,5876,3542,1955,2433,164526,19613,20130,19746,16357,13929,12428,11843,10055,9017,8296,6578,5591,4400,2934,1706,899,1004,152633,18508,19245,19018,15638,12894,11306,10059,8460,7865,7249,6089,4733,4306,2942,1836,1056,1429
,....Davao Oriental,576343,59352,64484,64689,58905,50425,43471,39634,33340,31859,29577,26913,22797,18586,13148,8681,5224,5258,298089,30656,33130,33207,29980,26059,22887,21059,18109,17212,15657,14013,11771,9418,6380,4137,2338,2076,278254,28696,31354,31482,28925,24366,20584,18575,15231,14647,13920,12900,11026,9168,6768,4544,2886,3182
,....City of Davao,1776949,177322,176216,172839,162028,175403,164369,146449,123677,109886,91399,76362,62672,52884,37980,23223,12605,11635,902118,91232,91343,88868,81953,88194,84014,76208,64259,57021,47027,38289,30757,25355,17826,10339,5204,4229,874831,86090,84873,83971,80075,87209,80355,70241,59418,52865,44372,38073,31915,27529,20154,12884,7401,7406
,..REGION XII (SOCCSKSARGEN),4360974,470277,491283,478008,441922,403416,366829,325476,277351,250800,216553,184784,146270,115780,81358,50723,30329,29815,2232939,242323,254052,245479,224465,206017,188709,170485,145041,131462,112932,95396,74499,57181,38920,22748,12434,10796,2128035,227954,237231,232529,217457,197399,178120,154991,132310,119338,103621,89388,71771,58599,42438,27975,17895,19019
,....Cotabato (North Cotabato),1275185,133785,145194,142030,129478,112276,103858,93390,80281,72466,63515,55818,44899,36276,25897,16186,9902,9934,653821,69122,75030,73279,66071,57800,53197,49028,41833,38029,33152,28808,22830,17980,12450,7330,4130,3752,621364,64663,70164,68751,63407,54476,50661,44362,38448,34437,30363,27010,22069,18296,13447,8856,5772,6182
,....Sarangani,558946,64992,66808,64506,59117,51648,46152,39750,33936,30251,26781,22021,17399,13537,9362,5792,3525,3369,289480,33383,34420,32957,30163,26731,24061,21284,18114,16181,14064,11660,9072,6939,4744,2733,1598,1376,269466,31609,32388,31549,28954,24917,22091,18466,15822,14070,12717,10361,8327,6598,4618,3059,1927,1993
,....South Cotabato *,975476,104611,106738,104615,96349,88285,82378,73938,62966,58257,49118,41761,33484,27008,19286,12054,7453,7175,498578,53782,55369,53753,49208,44890,42533,38845,33131,30531,25577,21494,16890,13107,8941,5227,2888,2412,476898,50829,51369,50862,47141,43395,39845,35093,29835,27726,23541,20267,16594,13901,10345,6827,4565,4763
,....Sultan Kudarat,854052,94984,98362,95793,91138,81629,71434,62649,52829,47173,40656,34306,26382,21005,14825,9598,5541,5748,437331,48827,50677,49046,46026,41486,36775,32483,27595,24904,21545,18017,13779,10440,7107,4370,2238,2016,416721,46157,47685,46747,45112,40143,34659,30166,25234,22269,19111,16289,12603,10565,7718,5228,3303,3732
,....City of General Santos (Dadiangas),697315,71905,74181,71064,65840,69578,63007,55749,47339,42653,36483,30878,24106,17954,11988,7093,3908,3589,353729,37209,38556,36444,32997,35110,32143,28845,24368,21817,18594,15417,11928,8715,5678,3088,1580,1240,343586,34696,35625,34620,32843,34468,30864,26904,22971,20836,17889,15461,12178,9239,6310,4005,2328,2349
,..REGION XIII (CARAGA),2804788,284996,316717,306377,289967,250211,224288,198706,167442,150666,136861,125562,108940,88313,62366,41092,26750,25534,1441814,147557,164180,158063,148896,128900,116751,105309,89149,79232,71127,64315,55018,43809,30035,18601,11237,9635,1362974,137439,152537,148314,141071,121311,107537,93397,78293,71434,65734,61247,53922,44504,32331,22491,15513,15899
,....Agusan del Norte *,387503,38482,43837,43233,39696,34258,30434,27836,23003,20640,18510,17366,15443,12751,9135,5647,3562,3670,199054,19849,22809,22458,20337,17676,15813,14721,12176,10834,9494,8866,7756,6311,4421,2614,1483,1436,188449,18633,21028,20775,19359,16582,14621,13115,10827,9806,9016,8500,7687,6440,4714,3033,2079,2234
,....Agusan del Sur,739367,81149,91107,86733,77730,62870,59037,52373,43200,37802,34524,31288,26690,21123,14097,8886,5551,5207,384425,42073,47140,44841,39980,32470,30857,28280,23373,20259,18382,16344,13862,10772,7040,4202,2417,2133,354942,39076,43967,41892,37750,30400,28180,24093,19827,17543,16142,14944,12828,10351,7057,4684,3134,3074
,....Dinagat Islands,128117,12994,14006,13616,13298,11335,9939,8372,7041,6347,6185,5824,5073,4331,3442,2626,1900,1788,65313,6685,7165,7046,6910,5751,5121,4383,3722,3387,3165,2955,2531,2080,1650,1146,860,756,62804,6309,6841,6570,6388,5584,4818,3989,3319,2960,3020,2869,2542,2251,1792,1480,1040,1032
,....Surigao del Norte,534636,51562,56048,54233,56152,50642,42905,37816,32896,30211,27538,24558,21098,16995,12166,8349,6054,5413,272871,26741,28993,28038,28800,26219,22407,19815,17410,15697,14218,12387,10484,8283,5592,3560,2378,1849,261765,24821,27055,26195,27352,24423,20498,18001,15486,14514,13320,12171,10614,8712,6574,4789,3676,3564
,....Surigao del Sur,642255,66390,72476,69366,65197,56307,50475,44303,38200,34208,31282,29110,25665,21135,15222,10044,6513,6362,330782,34343,37695,35570,33495,29180,26413,23700,20498,18001,16205,15008,12964,10521,7442,4637,2792,2318,311473,32047,34781,33796,31702,27127,24062,20603,17702,16207,15077,14102,12701,10614,7780,5407,3721,4044
,....City of Butuan,372910,34419,39243,39196,37894,34799,31498,28006,23102,21458,18822,17416,14971,11978,8304,5540,3170,3094,189369,17866,20378,20110,19374,17604,16140,14410,11970,11054,9663,8755,7421,5842,3890,2442,1307,1143,183541,16553,18865,19086,18520,17195,15358,13596,11132,10404,9159,8661,7550,6136,4414,3098,1863,1951
,..BANGSAMORO AUTONOMOUS REGION IN MUSLIM MINDANAO (BARMM),4944800,740924,671823,632775,548840,488157,415725,326154,283540,244859,195789,138624,90860,65994,46446,26806,13866,13618,2480287,378839,340058,318282,273798,240038,201082,160137,137733,123065,100118,73833,48355,34566,23744,13722,6823,6094,2464513,362085,331765,314493,275042,248119,214643,166017,145807,121794,95671,64791,42505,31428,22702,13084,7043,7524
,....Basilan,426207,63997,61659,56609,45085,40271,34694,27501,23791,19574,16324,12237,8621,6262,4531,2413,1320,1318,214031,32681,31485,28777,22756,19843,16947,13473,11491,9731,8328,6350,4463,3175,2220,1171,605,535,212176,31316,30174,27832,22329,20428,17747,14028,12300,9843,7996,5887,4158,3087,2311,1242,715,783
,....Lanao del Sur,1195518,182935,160635,156444,137727,123922,101562,75957,63721,55929,44653,32667,20805,15353,10969,6000,3125,3114,591362,92540,80289,77283,67682,59898,48592,36639,30881,27485,22391,16822,11008,7984,5633,3124,1633,1478,604156,90395,80346,79161,70045,64024,52970,39318,32840,28444,22262,15845,9797,7369,5336,2876,1492,1636
,....Maguindanao,1667258,261467,229077,213670,174820,161019,138718,114131,97260,84621,64522,45623,29784,21451,14024,8428,4283,4360,845895,135552,117086,108499,88601,80030,67575,56515,47411,43182,33450,24786,16189,11303,7378,4325,2095,1918,821363,125915,111991,105171,86219,80989,71143,57616,49849,41439,31072,20837,13595,10148,6646,4103,2188,2442
,....Sulu,1000108,130435,135399,130529,122145,101053,84772,63154,58591,50704,42737,28675,18759,13051,9293,5470,2727,2614,497324,65510,67922,65435,60216,49391,40605,30962,28277,25426,21680,15343,9737,6958,4583,2806,1293,1180,502784,64925,67477,65094,61929,51662,44167,32192,30314,25278,21057,13332,9022,6093,4710,2664,1434,1434
,....Tawi-Tawi,440276,69224,57828,51323,46128,39353,36465,30416,27987,23805,19429,13261,8911,6334,4799,2629,1325,1059,222897,35675,29324,25820,23171,19707,17582,15013,13653,12084,10167,7301,4834,3420,2582,1396,689,479,217379,33549,28504,25503,22957,19646,18883,15403,14334,11721,9262,5960,4077,2914,2217,1233,636,580
,....Eight (8) Area Clusters ***,215433,32866,27225,24200,22935,22539,19514,14995,12190,10226,8124,6161,3980,3543,2830,1866,1086,1153,108778,16881,13952,12468,11372,11169,9781,7535,6020,5157,4102,3231,2124,1726,1348,900,508,504,106655,15985,13273,11732,11563,11370,9733,7460,6170,5069,4022,2930,1856,1817,1482,966,578,649
Household Population,PHILIPPINES /a,108667043,11066707,11266823,11080715,10459186,9969846,9172896,8120568,7179320,6491312,5571168,4941712,4124118,3367223,2393521,1575398,930610,955920,55017643,5712817,5840155,5716464,5344532,5073881,4669488,4175658,3676838,3326411,2843263,2486661,2048881,1627460,1111215,682312,365443,316164,53649400,5353890,5426668,5364251,5114654,4895965,4503408,3944910,3502482,3164901,2727905,2455051,2075237,1739763,1282306,893086,565167,639756
,..NATIONAL CAPITAL REGION (NCR),13403551,1279455,1237358,1176552,1116332,1275404,1288164,1163432,1007583,885774,741559,648401,527921,421094,279636,176093,88354,90439,6674239,660748,641557,608186,566962,638921,648797,593552,506933,441278,365802,312085,247287,191240,121505,71391,31616,26379,6729312,618707,595801,568366,549370,636483,639367,569880,500650,444496,375757,336316,280634,229854,158131,104702,56738,64060
,....City of Manila,1837785,169197,166219,158492,157479,179543,177304,154671,132764,118295,101184,92142,75686,60909,40744,26745,12888,13523,912803,87379,86176,81613,79738,89862,89314,79429,67126,59096,50085,44256,35414,27409,17420,10541,4440,3505,924982,81818,80043,76879,77741,89681,87990,75242,65638,59199,51099,47886,40272,33500,23324,16204,8448,10018
,....City of Mandaluyong,419333,38658,36691,34543,31431,43497,45661,38642,32157,27448,22870,19479,15805,12554,8507,5673,2900,2817,206818,19973,18719,17746,15825,21507,22894,19568,16066,13780,11296,9384,7165,5477,3546,2147,989,736,212515,18685,17972,16797,15606,21990,22767,19074,16091,13668,11574,10095,8640,7077,4961,3526,1911,2081
,....City of Marikina,452961,42157,42273,41145,38225,40551,40231,36153,32099,29570,26155,23282,19083,15700,11067,7303,3713,4254,224014,21804,21899,21415,19465,20378,19981,18311,15793,14582,12560,11161,9008,7220,4768,2969,1324,1376,228947,20353,20374,19730,18760,20173,20250,17842,16306,14988,13595,12121,10075,8480,6299,4334,2389,2878
,....City of Pasig,801439,81142,78013,71008,65599,71983,76433,71548,62271,53920,43827,36904,29210,23382,15952,10218,5029,5000,397387,41770,40399,36887,33210,35711,37907,36103,31334,26727,21545,17673,13572,10332,6667,4242,1774,1534,404052,39372,37614,34121,32389,36272,38526,35445,30937,27193,22282,19231,15638,13050,9285,5976,3255,3466
,....Quezon City,2950493,291124,276416,258418,241493,274038,276410,252021,219307,195077,165706,146235,119573,94313,61459,37828,19784,21291,1465480,149971,143125,134154,122294,137129,139223,128187,110066,96425,81173,69846,55691,42767,26714,15372,7138,6205,1485013,141153,133291,124264,119199,136909,137187,123834,109241,98652,84533,76389,63882,51546,34745,22456,12646,15086
,....City of San Juan,124699,10650,10024,9604,8923,11514,11381,10714,9586,8834,7618,6841,5989,4794,3346,2263,1201,1417,60124,5475,5186,5055,4542,5562,5510,5263,4658,4185,3622,3256,2659,2050,1352,958,383,408,64575,5175,4838,4549,4381,5952,5871,5451,4928,4649,3996,3585,3330,2744,1994,1305,818,1009
,....City of Caloocan,1659025,167266,164478,156972,149846,157942,152446,134931,118704,105656,89306,79300,63898,49784,31316,18942,9470,8768,835738,87000,85677,80811,76819,79622,77308,69105,60200,53258,44930,39177,30641,23519,14047,7661,3386,2577,823287,80266,78801,76161,73027,78320,75138,65826,58504,52398,44376,40123,33257,26265,17269,11281,6084,6191
,....City of Malabon,379463,35984,36529,35817,34437,36859,34372,30303,26880,24617,20863,18149,14985,11945,7819,5072,2414,2418,191974,18636,19031,18538,17698,18743,17675,15740,13641,12488,10573,9053,7335,5559,3518,2129,911,706,187489,17348,17498,17279,16739,18116,16697,14563,13239,12129,10290,9096,7650,6386,4301,2943,1503,1712
,....City of Navotas,246743,25337,25699,24348,23052,23356,21398,19098,16814,15509,13164,11390,9428,7356,4921,3064,1512,1297,125744,13151,13542,12521,11831,11951,10976,9919,8554,8020,6796,5682,4738,3620,2276,1212,567,388,120999,12186,12157,11827,11221,11405,10422,9179,8260,7489,6368,5708,4690,3736,2645,1852,945,909
,....City of Valenzuela,713181,66781,65212,65950,62632,69477,68677,62498,54590,48705,39381,32879,26193,20020,13667,8379,4148,3992,362597,34603,33941,34137,31935,35700,35586,32661,28111,24876,20019,16442,12760,9514,6113,3496,1526,1177,350584,32178,31271,31813,30697,33777,33091,29837,26479,23829,19362,16437,13433,10506,7554,4883,2622,2815
,....City of Las Piñas,604283,55381,55195,52600,50701,57676,56189,51603,45993,41384,34524,29228,23615,19264,13592,8856,4395,4087,299446,28614,28704,27220,25800,29034,28149,26019,22654,20237,16971,13912,10907,8644,5942,3706,1657,1276,304837,26767,26491,25380,24901,28642,28040,25584,23339,21147,17553,15316,12708,10620,7650,5150,2738,2811
,....City of Makati,624032,52754,47909,45441,42820,56055,64903,63121,52033,42553,35406,31891,27895,24197,15959,9960,5035,6100,302987,26905,24759,23557,21681,27092,31737,31818,25615,20687,16841,14697,12607,10696,6767,3975,1764,1789,321045,25849,23150,21884,21139,28963,33166,31303,26418,21866,18565,17194,15288,13501,9192,5985,3271,4311
,....City of Muntinlupa,519112,48124,46271,43923,43559,47723,48596,45215,40881,35894,30066,25501,20545,17082,11606,7223,3544,3359,256360,24974,23902,22544,22185,23967,24387,22739,20490,17580,14507,12010,9265,7527,4924,2981,1337,1041,262752,23150,22369,21379,21374,23756,24209,22476,20391,18314,15559,13491,11280,9555,6682,4242,2207,2318
,....City of Parañaque,686313,65188,60674,57204,52275,61893,65062,62914,55303,47334,39761,34354,27554,22192,14735,9551,5043,5276,339314,33402,31399,29634,26579,31082,32920,32187,27478,23211,19198,16013,12488,9897,6353,3929,1859,1685,346999,31786,29275,27570,25696,30811,32142,30727,27825,24123,20563,18341,15066,12295,8382,5622,3184,3591
,....Pasay City,437003,33038,34698,34399,34196,49416,52250,42628,35045,29187,23236,20200,16047,12520,8704,5706,2857,2876,217169,17045,17840,17605,17049,24733,26241,21715,18010,14699,11463,9772,7576,5570,3789,2268,953,841,219834,15993,16858,16794,17147,24683,26009,20913,17035,14488,11773,10428,8471,6950,4915,3438,1904,2035
,....City of Taguig,882622,90829,85123,80819,74250,87932,90951,81765,68330,57484,44835,37324,29748,22939,14702,8302,3860,3429,443918,47030,44188,41700,37534,43882,46024,41916,34732,29269,22427,18137,14172,10495,6628,3398,1413,973,438704,43799,40935,39119,36716,44050,44927,39849,33598,28215,22408,19187,15576,12444,8074,4904,2447,2456
,....Pateros,65064,5845,5934,5869,5414,5949,5900,5607,4826,4307,3657,3302,2667,2143,1540,1008,561,535,32366,3016,3070,3049,2777,2966,2965,2872,2405,2158,1796,1614,1289,944,681,407,195,162,32698,2829,2864,2820,2637,2983,2935,2735,2421,2149,1861,1688,1378,1199,859,601,366,373
,..CORDILLERA ADMINISTRATIVE REGION (CAR),1791121,158412,171000,175745,178302,174000,159256,140033,121818,104424,88546,81832,71075,58858,42484,27216,16714,21406,917431,81950,89241,90577,90959,89131,82705,73366,64290,54819,46262,41978,36101,29029,20297,12257,6853,7616,873690,76462,81759,85168,87343,84869,76551,66667,57528,49605,42284,39854,34974,29829,22187,14959,9861,13790
,....Abra,250309,19821,24125,25170,25328,21023,19781,18018,16609,14854,12620,12128,10944,9839,7406,4980,3085,4578,127632,10326,12530,12969,13020,10905,10242,9334,8721,7833,6525,6300,5504,4905,3514,2203,1215,1586,122677,9495,11595,12201,12308,10118,9539,8684,7888,7021,6095,5828,5440,4934,3892,2777,1870,2992
,....Apayao,123937,11169,12088,13012,12476,11632,10105,8725,7960,7317,6713,5734,5035,4214,2960,1954,1250,1593,64221,5824,6375,6812,6396,6018,5342,4628,4173,3856,3522,3070,2608,2116,1426,892,555,608,59716,5345,5713,6200,6080,5614,4763,4097,3787,3461,3191,2664,2427,2098,1534,1062,695,985
,....Benguet *,459468,44600,44600,43730,43789,44984,42441,38230,32625,26865,21946,20356,17733,14108,9629,5953,3695,4184,238436,22964,23231,22403,22330,23155,22401,20432,17559,14382,11778,10639,9350,7211,4759,2746,1573,1523,221032,21636,21369,21327,21459,21829,20040,17798,15066,12483,10168,9717,8383,6897,4870,3207,2122,2661
,....Ifugao,207130,20424,21918,22235,21219,19754,18376,15723,13209,11348,9466,8398,7253,6032,4685,2837,1695,2558,107699,10538,11484,11389,10901,10216,9709,8410,7263,6171,5215,4351,3734,2951,2321,1361,707,978,99431,9886,10434,10846,10318,9538,8667,7313,5946,5177,4251,4047,3519,3081,2364,1476,988,1580
,....Kalinga,229328,22218,23620,24173,24196,22535,19826,16853,14064,12536,10914,9848,8279,6952,5188,3385,2174,2567,118539,11517,12261,12607,12376,11630,10366,9082,7500,6698,5667,5022,4287,3387,2587,1574,952,1026,110789,10701,11359,11566,11820,10905,9460,7771,6564,5838,5247,4826,3992,3565,2601,1811,1222,1541
,....Mountain Province,157798,13607,15809,16712,16767,14611,13085,11666,9693,8449,7474,7198,6371,5351,4035,2646,1830,2494,81938,7058,8263,8658,8654,7781,6934,6149,5209,4499,4000,3907,3326,2729,2021,1153,751,846,75860,6549,7546,8054,8113,6830,6151,5517,4484,3950,3474,3291,3045,2622,2014,1493,1079,1648
,....City of Baguio,363151,26573,28840,30713,34527,39461,35642,30818,27658,23055,19413,18170,15460,12362,8581,5461,2985,3432,178966,13723,15097,15739,17282,19426,17711,15331,13865,11380,9555,8689,7292,5730,3669,2328,1100,1049,184185,12850,13743,14974,17245,20035,17931,15487,13793,11675,9858,9481,8168,6632,4912,3133,1885,2383
,..REGION I (ILOCOS REGION),5292297,479836,499534,514572,501456,462134,421377,379586,356300,323856,286271,263580,226279,189973,141342,104465,65454,76282,2680776,248695,259962,267268,258916,238151,216822,195011,182835,166928,147297,134310,113221,92493,65285,44424,24746,24412,2611521,231141,239572,247304,242540,223983,204555,184575,173465,156928,138974,129270,113058,97480,76057,60041,40708,51870
,....Ilocos Norte,608508,46554,49215,55235,54005,52082,48237,45395,44160,39434,35341,33368,28339,23677,18078,13389,9749,12250,305992,24053,25721,28773,27985,26963,24526,23258,22815,20269,18063,16815,13881,11249,8154,5597,3767,4103,302516,22501,23494,26462,26020,25119,23711,22137,21345,19165,17278,16553,14458,12428,9924,7792,5982,8147
,....Ilocos Sur,704218,53016,59988,65732,64483,58781,56268,51235,49720,45825,39850,37299,33199,27675,21470,15166,10630,13881,355807,27602,31219,33965,33297,30445,29079,26429,25568,23795,20548,19212,16717,13447,9805,6405,3871,4403,348411,25414,28769,31767,31186,28336,27189,24806,24152,22030,19302,18087,16482,14228,11665,8761,6759,9478
,....La Union,820343,67901,72652,75487,75025,72345,66842,60960,57321,51684,45366,42627,37567,32171,23544,16869,9730,12252,414862,35210,37891,39168,38729,37253,34309,31215,29443,26567,23336,21755,18730,15622,10902,7154,3723,3855,405481,32691,34761,36319,36296,35092,32533,29745,27878,25117,22030,20872,18837,16549,12642,9715,6007,8397
,....Pangasinan,3159228,312365,317679,318118,307943,278926,250030,221996,205099,186913,165714,150286,127174,106450,78250,59041,35345,37899,1604115,161830,165131,165362,158905,143490,128908,114109,105009,96297,85350,76528,63893,52175,36424,25268,13385,12051,1555113,150535,152548,152756,149038,135436,121122,107887,100090,90616,80364,73758,63281,54275,41826,33773,21960,25848
,..REGION II (CAGAYAN VALLEY),3679748,330628,360920,366630,345848,329597,304439,272457,244230,228991,199708,179505,158411,131106,93670,58740,34129,40739,1874484,170454,187779,189028,178096,169442,156337,140913,126525,118800,103705,92002,80117,64610,44049,25532,13384,13711,1805264,160174,173141,177602,167752,160155,148102,131544,117705,110191,96003,87503,78294,66496,49621,33208,20745,27028
,....Batanes,18593,1342,1518,1656,1790,1605,1494,1303,1202,1193,1192,1026,893,679,560,386,316,438,9541,684,828,863,916,859,825,696,620,651,614,540,468,323,262,160,114,118,9052,658,690,793,874,746,669,607,582,542,578,486,425,356,298,226,202,320
,....Cagayan,1265540,109736,123700,126024,118615,114666,103798,91679,83107,77360,68308,61269,55562,47125,34133,21112,12827,16519,640546,56847,64441,65069,61057,58829,52967,46957,42569,39677,35292,31067,27816,22683,15852,8943,4955,5525,624994,52889,59259,60955,57558,55837,50831,44722,40538,37683,33016,30202,27746,24442,18281,12169,7872,10994
,....Isabela,1695539,154625,164949,168961,158359,151139,141693,127440,112591,107391,93214,83922,72827,59072,41626,26307,15032,16391,863523,79424,85694,87154,81649,77409,72534,65846,58106,55667,48330,42866,36940,29420,19555,11513,5860,5556,832016,75201,79255,81807,76710,73730,69159,61594,54485,51724,44884,41056,35887,29652,22071,14794,9172,10835
,....Nueva Vizcaya,496546,46071,50144,48787,47325,44108,40671,37009,33532,30351,25980,23819,20919,17457,12598,8019,4272,5484,255505,23838,26100,25020,24218,22982,21175,19509,17914,16103,13636,12466,10684,8727,5994,3570,1735,1834,241041,22233,24044,23767,23107,21126,19496,17500,15618,14248,12344,11353,10235,8730,6604,4449,2537,3650
,....Quirino,203530,18854,20609,21202,19759,18079,16783,15026,13798,12696,11014,9469,8210,6773,4753,2916,1682,1907,105369,9661,10716,10922,10256,9363,8836,7905,7316,6702,5833,5063,4209,3457,2386,1346,720,678,98161,9193,9893,10280,9503,8716,7947,7121,6482,5994,5181,4406,4001,3316,2367,1570,962,1229
,..REGION III (CENTRAL LUZON),12387811,1188464,1211975,1218156,1152536,1150568,1052402,930115,841804,777765,665783,607096,496775,402832,282382,193592,106218,109348,6272297,614754,631189,631237,592278,588612,537260,474054,425786,395517,339182,305450,248107,196046,131614,84212,41714,35285,6115514,573710,580786,586919,560258,561956,515142,456061,416018,382248,326601,301646,248668,206786,150768,109380,64504,74063
,....Aurora,234991,23603,25017,25458,23791,21160,18575,16728,14440,13266,12419,11026,9218,7510,5300,3441,2039,2000,120266,12135,13004,13198,12155,10847,9500,8663,7497,6846,6415,5754,4883,3749,2567,1545,832,676,114725,11468,12013,12260,11636,10313,9075,8065,6943,6420,6004,5272,4335,3761,2733,1896,1207,1324
,....Bataan,849575,85714,85450,84388,77625,78481,71061,63884,58679,52910,43705,40186,33815,28600,20068,12933,5883,6193,428745,44152,44313,43715,39859,40365,36120,32550,29494,26589,22096,19907,16565,13696,9193,5782,2340,2009,420830,41562,41137,40673,37766,38116,34941,31334,29185,26321,21609,20279,17250,14904,10875,7151,3543,4184
,....Bulacan,3696937,346244,358629,362009,341372,348472,320087,280918,258248,240939,201543,181146,147038,117744,81361,53755,28678,28754,1868036,179855,187438,187307,174968,178062,164032,143302,130319,122074,101741,90214,72369,56238,37366,22677,10980,9094,1828901,166389,171191,174702,166404,170410,156055,137616,127929,118865,99802,90932,74669,61506,43995,31078,17698,19660
,....Nueva Ecija,2306751,222523,227574,228527,212279,204790,191183,167704,153695,143212,125639,116481,96819,78351,54939,36921,22741,23373,1169247,114947,118661,118680,109062,104966,97757,85652,77967,73275,64120,59148,48655,38419,25882,15869,8840,7347,1137504,107576,108913,109847,103217,99824,93426,82052,75728,69937,61519,57333,48164,39932,29057,21052,13901,16026
,....Pampanga *,2433144,230638,229762,234412,230387,233850,210423,185378,165452,154501,131028,120030,95329,77035,53968,38718,20771,21462,1236783,119058,119038,121748,118602,119986,107589,94647,84027,78839,67221,60872,48170,38086,25662,17391,8486,7361,1196361,111580,110724,112664,111785,113864,102834,90731,81425,75662,63807,59158,47159,38949,28306,21327,12285,14101
,....Tarlac,1499064,147415,152140,152327,139744,132584,121083,108007,97941,90534,80601,73351,60700,49980,35911,26129,14879,15738,762437,76227,79487,79108,72252,68336,62247,55219,49901,46407,41534,37126,30723,24637,16798,11464,5873,5098,736627,71188,72653,73219,67492,64248,58836,52788,48040,44127,39067,36225,29977,25343,19113,14665,9006,10640
,....Zambales *,647545,59897,65340,65403,61389,56788,50893,48043,43145,38306,34124,32426,27534,22819,16451,11761,6276,6950,327966,31191,34052,33629,31751,28970,26033,24559,21827,19515,17518,16435,13852,11235,7661,5184,2419,2135,319579,28706,31288,31774,29638,27818,24860,23484,21318,18791,16606,15991,13682,11584,8790,6577,3857,4815
,....City of Angeles,461165,49742,45030,42518,41780,47512,45171,38483,32803,28437,22561,19763,15777,12494,8192,5516,2683,2703,230182,25374,23287,21956,21207,23441,21942,18902,16213,14291,11437,9756,7875,6101,3837,2531,1107,925,230983,24368,21743,20562,20573,24071,23229,19581,16590,14146,11124,10007,7902,6393,4355,2985,1576,1778
,....City of Olongapo,258639,22688,23033,23114,24169,26931,23926,20970,17401,15660,14163,12687,10545,8299,6192,4418,2268,2175,128635,11815,11909,11896,12422,13639,12040,10560,8541,7681,7100,6238,5015,3885,2648,1769,837,640,130004,10873,11124,11218,11747,13292,11886,10410,8860,7979,7063,6449,5530,4414,3544,2649,1431,1535
,..REGION IV-A (CALABARZON),16139770,1553093,1571650,1547516,1470129,1503117,1425154,1292281,1177132,1060941,869587,757316,618559,499642,343916,217354,117635,114748,8113997,802093,816299,800293,753831,764034,720390,656566,592020,534437,439265,375347,301261,236580,154720,90027,42906,33928,8025773,751000,755351,747223,716298,739083,704764,635715,585112,526504,430322,381969,317298,263062,189196,127327,74729,80820
,....Batangas,2902855,275880,275394,274015,272447,277566,257367,221474,205178,185228,156038,136396,109209,90319,66000,45943,26315,28086,1459795,143016,143832,142327,140241,141368,130025,112325,103200,93891,79031,68192,53874,43131,29411,18445,9311,8175,1443060,132864,131562,131688,132206,136198,127342,109149,101978,91337,77007,68204,55335,47188,36589,27498,17004,19911
,....Cavite,4318663,401577,404744,397632,380078,403532,388502,363847,333006,296898,240076,207111,168196,132179,87976,55724,28715,28870,2160830,207692,210400,205658,194264,204168,196029,183749,166403,147703,119823,101244,80613,61490,39350,23035,10534,8675,2157833,193885,194344,191974,185814,199364,192473,180098,166603,149195,120253,105867,87583,70689,48626,32689,18181,20195
,....Laguna,3373136,312077,316639,309240,290031,318526,320611,287125,258468,230560,181554,156676,128381,104814,71865,42925,22563,21081,1692202,161520,164023,160063,149221,161193,161350,146034,129600,115663,91800,77260,61354,49205,31981,17753,8167,6015,1680934,150557,152616,149177,140810,157333,159261,141091,128868,114897,89754,79416,67027,55609,39884,25172,14396,15066
,....Quezon *,1945444,200888,210448,213163,196338,169814,148037,131709,118877,111356,98943,91951,78587,64989,46083,29239,17856,17166,988919,103412,109075,109877,101089,87832,75770,67553,61124,57464,50972,46962,40051,32005,21607,12399,6588,5139,956525,97476,101373,103286,95249,81982,72267,64156,57753,53892,47971,44989,38536,32984,24476,16840,11268,12027
,....Rizal,3321325,332880,335320,324911,304135,306761,287393,268310,243840,220542,179065,152454,123430,98761,65929,39858,20152,17584,1673108,170988,173980,167721,155306,155785,145339,136918,122700,111531,90692,75565,60115,46720,29738,16968,7631,5411,1648217,161892,161340,157190,148829,150976,142054,131392,121140,109011,88373,76889,63315,52041,36191,22890,12521,12173
,....City of Lucena,278347,29791,29105,28555,27100,26918,23244,19816,17763,16357,13911,12728,10756,8580,6063,3665,2034,1961,139143,15465,14989,14647,13710,13688,11877,9987,8993,8185,6947,6124,5254,4029,2633,1427,675,513,139204,14326,14116,13908,13390,13230,11367,9829,8770,8172,6964,6604,5502,4551,3430,2238,1359,1448
,..MIMAROPA REGION,3212287,331973,356104,357807,338454,293266,251666,218745,198013,178999,158431,139366,117682,97207,69501,47198,29041,28834,1638824,171875,184463,185005,172855,150634,128144,112268,102361,93247,82495,71719,60104,48268,33211,20872,11775,9528,1573463,160098,171641,172802,165599,142632,123522,106477,95652,85752,75936,67647,57578,48939,36290,26326,17266,19306
,....Marinduque,238830,23480,24755,26108,25028,19016,14942,14174,13428,13654,12431,12166,10321,9583,7426,5460,3492,3366,120345,12290,12829,13420,12884,10030,7622,7106,6823,6983,6362,6171,5091,4679,3434,2353,1311,957,118485,11190,11926,12688,12144,8986,7320,7068,6605,6671,6069,5995,5230,4904,3992,3107,2181,2409
,....Occidental Mindoro,521444,58027,61101,60328,55561,45682,39153,34362,31855,28835,25779,22235,18187,14630,10292,7172,4131,4114,267744,30098,31779,31434,28443,23487,19971,17844,16507,15121,13414,11476,9425,7319,4957,3218,1779,1472,253700,27929,29322,28894,27118,22195,19182,16518,15348,13714,12365,10759,8762,7311,5335,3954,2352,2642
,....Oriental Mindoro,906661,92526,98117,99767,93494,80010,70952,62794,56654,52447,46305,40825,34226,28660,20400,13525,7881,8078,458903,47829,50999,51307,47845,40859,35987,31775,29023,27027,23870,20764,17165,13889,9527,5648,2934,2455,447758,44697,47118,48460,45649,39151,34965,31019,27631,25420,22435,20061,17061,14771,10873,7877,4947,5623
,....Palawan *,934669,102307,111213,107457,99910,88012,75837,64074,57520,49952,43381,36303,30864,24549,17559,11716,7201,6814,484231,52977,57247,55567,51098,45641,39098,33355,30378,26672,23225,19342,16420,12645,8864,5741,3295,2666,450438,49330,53966,51890,48812,42371,36739,30719,27142,23280,20156,16961,14444,11904,8695,5975,3906,4148
,....Romblon,308072,27803,32177,34622,33662,27464,21895,19387,17499,16074,15530,14949,13258,11191,7889,5742,4407,4523,155723,14320,16736,18027,17267,14433,11238,10026,8968,8342,8018,7606,6595,5470,3526,2239,1641,1271,152349,13483,15441,16595,16395,13031,10657,9361,8531,7732,7512,7343,6663,5721,4363,3503,2766,3252
,....City of Puerto Princesa,302611,27830,28741,29525,30799,33082,28887,23954,21057,18037,15005,12888,10826,8594,5935,3583,1929,1939,151878,14361,14873,15250,15318,16184,14228,12162,10662,9102,7606,6360,5408,4266,2903,1673,815,707,150733,13469,13868,14275,15481,16898,14659,11792,10395,8935,7399,6528,5418,4328,3032,1910,1114,1232
,..REGION V (BICOL REGION),6067290,678871,697454,693247,665791,529513,438468,384849,344492,323224,284233,264872,224152,185959,136836,96149,60836,58344,3078272,351254,363215,358990,341388,272403,224267,198665,177454,165905,144653,133629,112015,90104,63084,40408,22883,17955,2989018,327617,334239,334257,324403,257110,214201,186184,167038,157319,139580,131243,112137,95855,73752,55741,37953,40389
,....Albay,1372550,138688,147794,150748,148877,123071,102774,90740,82833,77737,67298,62039,52476,43693,32546,23532,14132,13572,694002,71829,77212,78124,76236,63371,52530,46407,42484,39786,33943,31245,26083,20691,14939,9831,5273,4018,678548,66859,70582,72624,72641,59700,50244,44333,40349,37951,33355,30794,26393,23002,17607,13701,8859,9554
,....Camarines Norte,628807,73392,73278,70429,64594,54022,46058,41026,36199,33635,29648,28556,23834,19642,14064,9403,5743,5284,319622,38029,38149,36272,33059,27711,23461,21400,18549,17288,15205,14555,12074,9763,6558,3940,2090,1519,309185,35363,35129,34157,31535,26311,22597,19626,17650,16347,14443,14001,11760,9879,7506,5463,3653,3765
,....Camarines Sur,2062277,236578,236038,235370,228307,180856,149651,133229,117986,109454,94261,87159,74549,62258,46160,32188,19532,18701,1046448,122357,122977,121893,117038,93040,76723,68867,60848,56218,47775,43844,36998,29944,21252,13488,7370,5816,1015829,114221,113061,113477,111269,87816,72928,64362,57138,53236,46486,43315,37551,32314,24908,18700,12162,12885
,....Catanduanes,270775,29357,30616,30456,29822,23423,19162,16593,15064,14013,12883,12248,10499,8491,6358,4628,3404,3758,138488,15259,15821,15815,15588,12279,9958,8527,7870,7217,6760,6341,5412,4292,2940,1931,1305,1173,132287,14098,14795,14641,14234,11144,9204,8066,7194,6796,6123,5907,5087,4199,3418,2697,2099,2585
,....Masbate,906731,110676,115155,115213,103140,75243,61793,52864,46468,43710,40051,36844,31160,26166,18917,12583,8649,8099,459662,56984,59438,59255,52630,38199,31325,27571,24186,22529,20482,18446,15616,12797,8770,5405,3326,2703,447069,53692,55717,55958,50510,37044,30468,25293,22282,21181,19569,18398,15544,13369,10147,7178,5323,5396
,....Sorsogon,826150,90180,94573,91031,91051,72898,59030,50397,45942,44675,40092,38026,31634,25709,18791,13815,9376,8930,420050,46796,49618,47631,46837,37803,30270,25893,23517,22867,20488,19198,15832,12617,8625,5813,3519,2726,406100,43384,44955,43400,44214,35095,28760,24504,22425,21808,19604,18828,15802,13092,10166,8002,5857,6204
,..REGION VI (WESTERN VISAYAS),7935531,761614,790100,792840,760622,697690,635733,570299,507673,460579,408204,378155,334290,282080,211752,142747,95758,105395,4029971,392881,410646,410418,390303,358894,328201,298565,266510,242002,210679,191187,166574,135277,97537,60542,36459,33296,3905560,368733,379454,382422,370319,338796,307532,271734,241163,218577,197525,186968,167716,146803,114215,82205,59299,72099
,....Aklan,612985,56731,59025,61231,57716,55483,50879,45503,40676,36030,30649,28425,24598,21008,16178,11763,8087,9003,311800,29275,30727,31769,29721,28831,26449,23776,21370,19027,15977,14522,12300,10086,7561,4867,2994,2548,301185,27456,28298,29462,27995,26652,24430,21727,19306,17003,14672,13903,12298,10922,8617,6896,5093,6455
,....Antique,611478,61955,62332,61663,60744,53798,46827,42218,37358,34176,30504,28259,25435,21467,15986,11315,8158,9283,311752,31973,32294,31955,31323,28015,24549,22222,19749,18157,15996,14230,12667,10396,7358,4760,3142,2966,299726,29982,30038,29708,29421,25783,22278,19996,17609,16019,14508,14029,12768,11071,8628,6555,5016,6317
,....Capiz,803879,73914,74989,76921,77690,74044,65711,57105,51054,47160,41627,39353,34915,29681,22640,15152,10409,11514,408201,38055,38796,40062,39725,38026,33988,30095,26944,24913,21747,19903,17542,14229,10362,6394,3922,3498,395678,35859,36193,36859,37965,36018,31723,27010,24110,22247,19880,19450,17373,15452,12278,8758,6487,8016
,....Guimaras,187576,17749,18190,17810,16914,15980,15106,14172,12847,11234,9970,8866,8083,6920,5093,3502,2315,2825,96174,9177,9435,9139,8689,8398,7698,7355,6819,6083,5201,4589,4098,3486,2504,1575,965,963,91402,8572,8755,8671,8225,7582,7408,6817,6028,5151,4769,4277,3985,3434,2589,1927,1350,1862
,....Iloilo *,2048039,186638,198335,201326,193780,176892,161304,149759,133513,121074,106080,98971,87513,74482,57109,40859,27755,32649,1042387,96340,103426,104344,100165,91409,83870,78456,70039,63923,55110,50472,43921,36095,26383,17269,10687,10478,1005652,90298,94909,96982,93615,85483,77434,71303,63474,57151,50970,48499,43592,38387,30726,23590,17068,22171
,....Negros Occidental *,2618672,265646,279529,277991,260072,224217,206392,181446,159528,145139,132853,122452,108995,90307,66304,41579,28036,28186,1337724,137171,145269,143664,133621,115738,106624,95787,84600,76610,68336,62281,54750,43740,31060,18174,10850,9449,1280948,128475,134260,134327,126451,108479,99768,85659,74928,68529,64517,60171,54245,46567,35244,23405,17186,18737
,....City of Bacolod,597615,54279,55170,55872,55429,54927,50345,45123,40913,37243,32529,29615,25168,21704,16213,10478,6192,6415,296351,28013,28747,28842,27687,27334,25309,22963,20849,18742,16279,14432,12068,9757,7000,4277,2216,1836,301264,26266,26423,27030,27742,27593,25036,22160,20064,18501,16250,15183,13100,11947,9213,6201,3976,4579
,....City of Iloilo,455287,44702,42530,40026,38277,42349,39169,34973,31784,28523,23992,22214,19583,16511,12229,8099,4806,5520,225582,22877,21952,20643,19372,21143,19714,17911,16140,14547,12033,10758,9228,7488,5309,3226,1683,1558,229705,21825,20578,19383,18905,21206,19455,17062,15644,13976,11959,11456,10355,9023,6920,4873,3123,3962
,..REGION VII (CENTRAL VISAYAS),8046285,818141,830817,811557,777388,734870,688051,597437,519606,461649,404475,356375,311361,254829,189437,125864,82159,82269,4081138,423959,431637,419576,397400,373697,350216,308209,268314,237155,206045,179404,155191,123750,88553,55714,33456,28862,3965147,394182,399180,391981,379988,361173,337835,289228,251292,224494,198430,176971,156170,131079,100884,70150,48703,53407
,....Bohol,1390524,132580,138284,141748,142232,116766,102699,93664,84031,78813,72768,66695,59376,50666,37716,28982,21348,22156,707896,68723,72209,73482,73397,60662,52944,48448,43577,40977,37547,33985,29846,24955,17716,12855,8718,7855,682628,63857,66075,68266,68835,56104,49755,45216,40454,37836,35221,32710,29530,25711,20000,16127,12630,14301
,....Cebu *,3309850,354932,361115,343828,320928,297879,277627,241615,212166,187429,162226,141235,122830,100023,75654,49055,31204,30104,1685185,183887,187788,178283,165001,152643,141582,124679,109710,96621,83046,71498,61746,48753,35221,21781,12579,10367,1624665,171045,173327,165545,155927,145236,136045,116936,102456,90808,79180,69737,61084,51270,40433,27274,18625,19737
,....Negros Oriental,1428548,144362,148048,145488,138440,124817,116878,100381,86644,77278,71501,65958,61444,50591,38906,24382,16122,17308,726883,74867,76626,74887,70409,63566,60130,52646,45350,40042,36437,32931,30698,24788,18836,11129,6930,6611,701665,69495,71422,70601,68031,61251,56748,47735,41294,37236,35064,33027,30746,25803,20070,13253,9192,10697
,....Siquijor,103014,8037,9044,9237,9453,8235,7797,7230,6730,6305,5950,5498,4936,4285,3466,2562,2076,2173,51916,4156,4589,4769,4841,4242,3998,3680,3474,3265,3051,2871,2484,2077,1673,1115,887,744,51098,3881,4455,4468,4612,3993,3799,3550,3256,3040,2899,2627,2452,2208,1793,1447,1189,1429
,....City of Cebu,958626,95344,92113,89791,89437,98691,93898,78195,65268,56277,47881,41703,35312,28542,19943,12521,6978,6732,478858,49130,47631,46233,44902,48629,47304,39997,33302,28411,23794,20320,17036,13246,8922,5295,2641,2065,479768,46214,44482,43558,44535,50062,46594,38198,31966,27866,24087,21383,18276,15296,11021,7226,4337,4667
,....City of Lapu-Lapu (Opon),494672,50673,50670,50092,45046,49598,49997,43764,37509,31968,24736,19093,14468,11014,7296,4538,2348,1862,247486,26305,26326,25821,22730,24483,24298,21767,18878,15927,12334,9599,7068,5280,3291,1910,881,588,247186,24368,24344,24271,22316,25115,25699,21997,18631,16041,12402,9494,7400,5734,4005,2628,1467,1274
,....City of Mandaue,361051,32213,31543,31373,31852,38884,39155,32588,27258,23579,19413,16193,12995,9708,6456,3824,2083,1934,182914,16891,16468,16101,16120,19472,19960,16992,14023,11912,9836,8200,6313,4651,2894,1629,820,632,178137,15322,15075,15272,15732,19412,19195,15596,13235,11667,9577,7993,6682,5057,3562,2195,1263,1302
,..REGION VIII (EASTERN VISAYAS),4531512,475606,499076,497039,477859,403189,337361,290155,258744,244033,222459,205219,177439,149825,110013,80028,53046,50421,2321372,245923,259378,257290,245200,208547,174454,151879,135843,127667,115874,105425,90841,74938,52604,35739,21907,17863,2210140,229683,239698,239749,232659,194642,162907,138276,122901,116366,106585,99794,86598,74887,57409,44289,31139,32558
,....Biliran,178715,18056,20361,20126,18496,14982,12720,10894,9969,9499,8903,8460,7385,6123,4691,3478,2276,2296,91058,9417,10573,10468,9575,7688,6560,5649,5192,4880,4649,4274,3705,3040,2181,1540,893,774,87657,8639,9788,9658,8921,7294,6160,5245,4777,4619,4254,4186,3680,3083,2510,1938,1383,1522
,....Eastern Samar,475847,47664,50770,52123,51897,43768,35190,29981,26550,25251,23509,21557,18415,15532,11549,8982,6466,6643,246328,24738,26335,26933,26864,22921,18438,15982,14145,13428,12403,11234,9742,7872,5714,4265,2872,2442,229519,22926,24435,25190,25033,20847,16752,13999,12405,11823,11106,10323,8673,7660,5835,4717,3594,4201
,....Leyte *,1771011,186812,192954,191067,177421,150924,133575,117942,104739,97533,86880,80595,71729,61925,45664,31940,20163,19148,907015,96417,100273,99122,90802,77982,68811,61664,55407,51410,45308,41255,36860,30963,21858,14249,8121,6513,863996,90395,92681,91945,86619,72942,64764,56278,49332,46123,41572,39340,34869,30962,23806,17691,12042,12635
,....Northern Samar,636995,71148,76340,76316,74004,59070,45178,37868,33405,31795,29776,26447,21919,17804,13272,9782,6878,5993,326304,36738,39560,39448,38072,30856,23503,19887,17504,16422,15311,13580,10960,8845,6264,4342,2816,2196,310691,34410,36780,36868,35932,28214,21675,17981,15901,15373,14465,12867,10959,8959,7008,5440,4062,3797
,....Samar (Western Samar),791045,85393,90700,89209,89008,73724,58912,47203,42464,40929,39075,35089,28929,23899,17154,12744,8753,7860,406789,44028,47145,45907,45527,38132,30755,24949,22226,21538,20518,18306,15026,12129,8336,5580,3708,2979,384256,41365,43555,43302,43481,35592,28157,22254,20238,19391,18557,16783,13903,11770,8818,7164,5045,4881
,....Southern Leyte,428484,39629,41193,43526,42824,35568,30268,28114,25680,25160,22284,22229,19635,16924,12571,9688,6513,6678,218053,20710,21596,22668,22102,18302,15471,14478,13103,12909,11595,11394,9885,8412,5963,4352,2716,2397,210431,18919,19597,20858,20722,17266,14797,13636,12577,12251,10689,10835,9750,8512,6608,5336,3797,4281
,....City of Tacloban,249415,26904,26758,24672,24209,25153,21518,18153,15937,13866,12032,10842,9427,7618,5112,3414,1997,1803,125825,13875,13896,12744,12258,12666,10916,9270,8266,7080,6090,5382,4663,3677,2288,1411,781,562,123590,13029,12862,11928,11951,12487,10602,8883,7671,6786,5942,5460,4764,3941,2824,2003,1216,1241
,..REGION IX (ZAMBOANGA PENINSULA),3862588,426337,442916,426881,396373,352878,311168,264437,228066,210498,186783,165651,139240,113784,82846,51947,31773,31010,1966201,218870,228622,218525,201572,179142,158932,136875,118530,109718,95991,84151,70798,56128,39932,23330,13469,11616,1896387,207467,214294,208356,194801,173736,152236,127562,109536,100780,90792,81500,68442,57656,42914,28617,18304,19394
,....Zamboanga del Norte,1046017,120426,120246,115252,107041,91948,79620,67983,59352,54920,51134,46059,39528,32276,24213,15536,10492,9991,536041,62002,62380,59270,54855,46938,41104,35593,31138,28742,26399,23664,20433,16169,11774,7151,4605,3824,509976,58424,57866,55982,52186,45010,38516,32390,28214,26178,24735,22395,19095,16107,12439,8385,5887,6167
,....Zamboanga del Sur *,1048402,117601,120193,117276,108809,93857,83996,71213,59692,56239,49795,44595,38565,31652,22713,14221,8814,9171,535265,60137,61990,60014,55408,47830,43069,37246,31475,29799,25818,22663,19589,15673,10865,6419,3733,3537,513137,57464,58203,57262,53401,46027,40927,33967,28217,26440,23977,21932,18976,15979,11848,7802,5081,5634
,....Zamboanga Sibugay,668648,72706,80830,78633,71144,58141,52943,45746,38984,35498,31444,28311,23316,18900,13524,8367,5182,4979,342356,37576,41754,40239,36277,29498,26900,23725,20368,18731,16368,14573,11971,9494,6724,3840,2292,2026,326292,35130,39076,38394,34867,28643,26043,22021,18616,16767,15076,13738,11345,9406,6800,4527,2890,2953
,....City of Isabela **,130130,16709,15678,14746,13411,12817,10607,8894,7555,6661,5776,4965,3958,3105,2319,1428,735,766,65458,8700,8067,7494,6656,6471,5262,4475,3705,3373,2856,2558,2037,1504,1118,639,296,247,64672,8009,7611,7252,6755,6346,5345,4419,3850,3288,2920,2407,1921,1601,1201,789,439,519
,....City of Zamboanga,969391,98895,105969,100974,95968,96115,84002,70601,62483,57180,48634,41721,33873,27851,20077,12395,6550,6103,487081,50455,54431,51508,48376,48405,42597,35836,31844,29073,24550,20693,16768,13288,9451,5281,2543,1982,482310,48440,51538,49466,47592,47710,41405,34765,30639,28107,24084,21028,17105,14563,10626,7114,4007,4121
,..REGION X (NORTHERN MINDANAO),5007798,546295,567054,541787,501159,453277,415346,364653,306012,278384,241383,214965,182473,148102,105198,64739,38337,38634,2554944,281472,293294,278695,254943,230324,212798,190277,159554,144581,124356,108799,92030,73103,50842,29749,16130,13997,2452854,264823,273760,263092,246216,222953,202548,174376,146458,133803,117027,106166,90443,74999,54356,34990,22207,24637
,....Bukidnon,1537629,170498,185288,175390,157284,137550,127764,114155,93764,83418,71132,62010,52092,41778,28333,16883,10025,10265,798656,88353,95683,90325,80861,70877,67148,60849,50224,44606,37576,32230,27097,21398,14330,8355,4628,4116,738973,82145,89605,85065,76423,66673,60616,53306,43540,38812,33556,29780,24995,20380,14003,8528,5397,6149
,....Camiguin,92696,8900,10043,9708,9104,7407,6626,5846,5399,5203,4891,4799,4257,3363,2552,1865,1322,1411,47131,4609,5193,5063,4646,3831,3314,3047,2820,2730,2490,2446,2179,1696,1222,835,535,475,45565,4291,4850,4645,4458,3576,3312,2799,2579,2473,2401,2353,2078,1667,1330,1030,787,936
,....Lanao del Norte *,721716,89818,92406,86380,77378,67926,59936,49458,41258,36459,30494,26039,20413,16474,11709,7443,3997,4128,362139,45841,46758,43577,38426,33622,29444,25147,21005,18650,15587,13066,10434,8224,5645,3439,1716,1558,359577,43977,45648,42803,38952,34304,30492,24311,20253,17809,14907,12973,9979,8250,6064,4004,2281,2570
,....Misamis Occidental,614951,60324,62220,62050,60305,52922,46899,41593,36189,35244,32847,31009,26925,22547,16914,11497,7759,7707,310907,30890,32349,32035,30820,27058,24020,21548,18733,18316,16827,15728,13416,10828,7814,4933,3036,2556,304044,29434,29871,30015,29485,25864,22879,20045,17456,16928,16020,15281,13509,11719,9100,6564,4723,5151
,....Misamis Oriental *,954953,106534,107947,102942,94822,82854,76091,68842,57613,52678,45763,41970,36784,29590,21384,13159,7850,8130,489483,54814,56462,53314,48807,42849,39396,36056,30202,27341,23551,21117,18466,14589,10426,5959,3239,2895,465470,51720,51485,49628,46015,40005,36695,32786,27411,25337,22212,20853,18318,15001,10958,7200,4611,5235
,....City of Cagayan de Oro,723671,71238,70684,67882,65712,70707,67243,59278,49642,44938,38163,32929,27697,22784,16219,9178,4832,4545,364706,36791,36721,34970,33079,35134,34012,30619,25428,22764,19330,16357,13494,10791,7543,4151,1963,1559,358965,34447,33963,32912,32633,35573,33231,28659,24214,22174,18833,16572,14203,11993,8676,5027,2869,2986
,....City of Iligan,362182,38983,38466,37435,36554,33911,30787,25481,22147,20444,18093,16209,14305,11566,8087,4714,2552,2448,181922,20174,20128,19411,18304,16953,15464,13011,11142,10174,8995,7855,6944,5577,3862,2077,1013,838,180260,18809,18338,18024,18250,16958,15323,12470,11005,10270,9098,8354,7361,5989,4225,2637,1539,1610
,..REGION XI (DAVAO REGION),5223802,541966,551361,543958,497777,472920,442420,405656,342357,308114,266089,231429,192933,162164,114505,70747,40265,39141,2678976,279253,284764,280041,253840,240275,227730,212934,180454,162561,138829,118512,97794,80580,55408,33105,17678,15218,2544826,262713,266597,263917,243937,232645,214690,192722,161903,145553,127260,112917,95139,81584,59097,37642,22587,23923
,....Davao de Oro (Compostela Valley),766299,78742,84120,83387,78995,65437,62856,57963,47953,42570,38446,35369,28834,23467,16025,9962,6154,6019,400687,40754,43504,43374,40818,33833,33023,31301,25967,23222,20503,18874,15142,12251,8015,4833,2823,2450,365612,37988,40616,40013,38177,31604,29833,26662,21986,19348,17943,16495,13692,11216,8010,5129,3331,3569
,....Davao del Norte,1115167,117968,118048,114201,104177,97519,93939,88312,75300,67172,56298,49108,41364,35177,24914,14988,8636,8046,570660,60695,60662,58807,53249,49296,48041,45787,39388,35196,29133,25117,20992,17533,12349,7276,3900,3239,544507,57273,57386,55394,50928,48223,45898,42525,35912,31976,27165,23991,20372,17644,12565,7712,4736,4807
,....Davao del Sur *,679457,70489,69219,70279,62235,59195,55537,52399,44248,40310,35193,31235,27087,23463,16638,10398,5729,5803,348739,36320,36051,36156,31833,30305,28615,27619,23275,21380,18496,15818,13635,11694,7938,4830,2532,2242,330718,34169,33168,34123,30402,28890,26922,24780,20973,18930,16697,15417,13452,11769,8700,5568,3197,3561
,....Davao Occidental,316907,38121,39373,38761,31969,26767,23679,21848,18499,16860,15533,12662,10323,8706,5876,3542,1955,2433,164321,19613,20129,19744,16340,13886,12381,11794,10043,9000,8284,6574,5590,4400,2934,1706,899,1004,152586,18508,19244,19017,15629,12881,11298,10054,8456,7860,7249,6088,4733,4306,2942,1836,1056,1429
,....Davao Oriental,574984,59339,64443,64640,58727,50134,43254,39477,33234,31758,29504,26855,22762,18565,13140,8676,5220,5256,297105,30648,33104,33179,29871,25876,22716,20930,18019,17127,15600,13966,11746,9401,6378,4135,2334,2075,277879,28691,31339,31461,28856,24258,20538,18547,15215,14631,13904,12889,11016,9164,6762,4541,2886,3181
,....City of Davao,1770988,177307,176158,172690,161674,173868,163155,145657,123123,109444,91115,76200,62563,52786,37912,23181,12571,11584,897464,91223,91314,88781,81729,87079,82954,75503,63762,56636,46813,38163,30689,25301,17794,10325,5190,4208,873524,86084,84844,83909,79945,86789,80201,70154,59361,52808,44302,38037,31874,27485,20118,12856,7381,7376
,..REGION XII (SOCCSKSARGEN),4351773,470229,491209,477818,441426,401821,365138,324069,276166,249897,215929,184358,146025,115625,81282,50680,30309,29792,2225425,242299,254016,245381,224092,204828,187353,169260,143992,130658,112376,95022,74301,57061,38858,22719,12425,10784,2126348,227930,237193,232437,217334,196993,177785,154809,132174,119239,103553,89336,71724,58564,42424,27961,17884,19008
,....Cotabato (North Cotabato),1273594,133770,145175,141983,129362,111947,103607,93164,80130,72339,63413,55740,44849,36238,25874,16176,9899,9928,652626,69113,75024,73264,66001,57587,52997,48829,41702,37919,33067,28740,22791,17956,12433,7324,4129,3750,620968,64657,70151,68719,63361,54360,50610,44335,38428,34420,30346,27000,22058,18282,13441,8852,5770,6178
,....Sarangani,558069,64989,66801,64498,59084,51538,46011,39592,33812,30148,26700,21972,17369,13518,9355,5791,3524,3367,288722,33381,34417,32953,30137,26647,23944,21147,18006,16083,13989,11612,9045,6921,4737,2732,1597,1374,269347,31608,32384,31545,28947,24891,22067,18445,15806,14065,12711,10360,8324,6597,4618,3059,1927,1993
,....South Cotabato *,973146,104601,106723,104586,96237,87933,81991,73559,62612,58006,48939,41645,33420,26965,19268,12041,7449,7171,496628,53778,55363,53748,49122,44608,42208,38515,32808,30310,25421,21395,16837,13074,8926,5217,2888,2410,476518,50823,51360,50838,47115,43325,39783,35044,29804,27696,23518,20250,16583,13891,10342,6824,4561,4761
,....Sultan Kudarat,851554,94981,98354,95760,91007,81129,70898,62278,52509,46940,40499,34207,26326,20979,14809,9593,5537,5748,435228,48827,50672,49022,45920,41113,36334,32155,27305,24693,21398,17930,13733,10416,7092,4366,2236,2016,416326,46154,47682,46738,45087,40016,34564,30123,25204,22247,19101,16277,12593,10563,7717,5227,3301,3732
,....City of General Santos (Dadiangas),695410,71888,74156,70991,65736,69274,62631,55476,47103,42464,36378,30794,24061,17925,11976,7079,3900,3578,352221,37200,38540,36394,32912,34873,31870,28614,24171,21653,18501,15345,11895,8694,5670,3080,1575,1234,343189,34688,35616,34597,32824,34401,30761,26862,22932,20811,17877,15449,12166,9231,6306,3999,2325,2344
,..REGION XIII (CARAGA),2795340,284914,316589,306231,289362,248386,222420,197303,166443,149865,136240,125143,108697,88176,62291,41045,26725,25510,1434391,147516,164108,157981,148472,127578,115273,104122,88296,78560,70591,63964,54822,43706,29984,18574,11222,9622,1360949,137398,152481,148250,140890,120808,107147,93181,78147,71305,65649,61179,53875,44470,32307,22471,15503,15888
,....Agusan del Norte *,386211,38481,43830,43224,39647,33946,30102,27653,22897,20543,18443,17321,15412,12741,9122,5637,3551,3661,197983,19848,22805,22455,20306,17426,15530,14561,12076,10746,9437,8826,7728,6302,4417,2611,1478,1431,188228,18633,21025,20769,19341,16520,14572,13092,10821,9797,9006,8495,7684,6439,4705,3026,2073,2230
,....Agusan del Sur,737991,81142,91104,86720,77631,62610,58780,52190,43045,37694,34391,31215,26645,21102,14082,8883,5551,5206,383294,42070,47137,44831,39904,32276,30650,28118,23247,20170,18261,16278,13822,10753,7029,4199,2417,2132,354697,39072,43967,41889,37727,30334,28130,24072,19798,17524,16130,14937,12823,10349,7053,4684,3134,3074
,....Dinagat Islands,127963,12990,14003,13609,13286,11314,9913,8354,7020,6330,6180,5815,5068,4329,3441,2626,1898,1787,65198,6683,7163,7040,6902,5736,5101,4368,3708,3376,3160,2947,2527,2078,1649,1146,858,756,62765,6307,6840,6569,6384,5578,4812,3986,3312,2954,3020,2868,2541,2251,1792,1480,1040,1031
,....Surigao del Norte,531753,51527,56016,54200,55969,50122,42360,37353,32583,29971,27332,24415,21025,16950,12150,8332,6047,5401,270613,26720,28972,28016,28668,25857,21984,19442,17134,15491,14040,12270,10426,8250,5579,3547,2375,1842,261140,24807,27044,26184,27301,24265,20376,17911,15449,14480,13292,12145,10599,8700,6571,4785,3672,3559
,....Surigao del Sur,640512,66385,72467,69334,65126,56069,50140,43977,37964,34018,31159,29021,25619,21110,15209,10041,6511,6362,329299,34342,37690,35554,33439,28986,26111,23405,20292,17836,16099,14932,12929,10506,7435,4635,2790,2318,311213,32043,34777,33780,31687,27083,24029,20572,17672,16182,15060,14089,12690,10604,7774,5406,3721,4044
,....City of Butuan,370910,34389,39169,39144,37703,34325,31125,27776,22934,21309,18735,17356,14928,11944,8287,5526,3167,3093,188004,17853,20341,20085,19253,17297,15897,14228,11839,10941,9594,8711,7390,5817,3875,2436,1304,1143,182906,16536,18828,19059,18450,17028,15228,13548,11095,10368,9141,8645,7538,6127,4412,3090,1863,1950
,..BANGSAMORO AUTONOMOUS REGION IN MUSLIM MINDANAO (BARMM),4938539,740873,671706,632379,548372,487216,414333,325061,282881,244319,195488,138449,90806,65967,46430,26794,13857,13608,2474905,378821,339985,317973,273425,239268,199809,159142,137141,122578,99861,73677,48317,34547,23732,13717,6820,6092,2463634,362052,331721,314406,274947,247948,214524,165919,145740,121741,95627,64772,42489,31420,22698,13077,7037,7516
,....Basilan,425111,63979,61636,56582,45050,40105,34417,27226,23655,19508,16292,12212,8616,6256,4528,2411,1320,1318,213101,32675,31474,28765,22732,19710,16688,13222,11371,9670,8305,6329,4460,3172,2218,1170,605,535,212010,31304,30162,27817,22318,20395,17729,14004,12284,9838,7987,5883,4156,3084,2310,1241,715,783
,....Lanao del Sur,1194507,182925,160576,156233,137554,123810,101418,75871,63633,55861,44624,32651,20800,15346,10967,5999,3125,3114,590514,92535,80242,77105,67541,59822,48460,36560,30804,27422,22367,16806,11006,7978,5631,3124,1633,1478,603993,90390,80334,79128,70013,63988,52958,39311,32829,28439,22257,15845,9794,7368,5336,2875,1492,1636
,....Maguindanao,1666353,261467,229074,213573,174693,160892,138580,113999,97176,84524,64490,45598,29769,21450,14021,8421,4275,4351,845171,135552,117084,108404,88482,79941,67472,56411,47340,43103,33424,24766,16181,11302,7377,4323,2093,1916,821182,125915,111990,105169,86211,80951,71108,57588,49836,41421,31066,20832,13588,10148,6644,4098,2182,2435
,....Sulu,998675,130431,135390,130518,122121,100731,84344,62854,58477,50591,42671,28650,18751,13046,9290,5469,2727,2614,496002,65509,67916,65431,60204,49096,40196,30674,28170,25322,21620,15318,9731,6956,4581,2805,1293,1180,502673,64922,67474,65087,61917,51635,44148,32180,30307,25269,21051,13332,9020,6090,4709,2664,1434,1434
,....Tawi-Tawi,438545,69205,57811,51303,46037,39149,36066,30121,27751,23614,19288,13179,8890,6326,4795,2628,1324,1058,221374,35669,29317,25809,23097,19538,17217,14744,13437,11908,10043,7227,4815,3413,2578,1395,688,479,217171,33536,28494,25494,22940,19611,18849,15377,14314,11706,9245,5952,4075,2913,2217,1233,636,579
,....Eight (8) Area Clusters ***,215348,32866,27219,24170,22917,22529,19508,14990,12189,10221,8123,6159,3980,3543,2829,1866,1086,1153,108743,16881,13952,12459,11369,11161,9776,7531,6019,5153,4102,3231,2124,1726,1347,900,508,504,106605,15985,13267,11711,11548,11368,9732,7459,6170,5068,4021,2928,1856,1817,1482,966,578,649
,,,,,,,,,,,,,,,,,,,,,,,,,,,,,,,,,,,,,,,,,,,,,,,,,,,,,,,
"* Population counts for the provinces exclude the counts of Highly Urbanized Cities.
** Geographically located in the province of Basilan
*** Per PSA Board Resolution No. 13 Series of 2021 - Approving and Adopting the Third Quarter 2021 Philippine Standard Geographic Code Updates to Include the Bangsamoro Autonomous Region in Muslim Mindanao (BARMM) and Correct the Names of 37 Barangays.
a Excludes 2,098 Filipinos in Philippine Embassies, Consulates and Mission Abroad",,,,,,,,,,,,,,,,,,,,,,,,,,,,,,,,,,,,,,,,,,,,,,,,,,,,,,,
,,,,,,,,,,,,,,,,,,,,,,,,,,,,,,,,,,,,,,,,,,,,,,,,,,,,,,,
Latest update:,,,,,,,,,,,,,,,,,,,,,,,,,,,,,,,,,,,,,,,,,,,,,,,,,,,,,,,
20240415 09:00,,,,,,,,,,,,,,,,,,,,,,,,,,,,,,,,,,,,,,,,,,,,,,,,,,,,,,,
,,,,,,,,,,,,,,,,,,,,,,,,,,,,,,,,,,,,,,,,,,,,,,,,,,,,,,,
Source:,,,,,,,,,,,,,,,,,,,,,,,,,,,,,,,,,,,,,,,,,,,,,,,,,,,,,,,
"Philippine Statistics Authority, 2020 Census of Population and Housing",,,,,,,,,,,,,,,,,,,,,,,,,,,,,,,,,,,,,,,,,,,,,,,,,,,,,,,
,,,,,,,,,,,,,,,,,,,,,,,,,,,,,,,,,,,,,,,,,,,,,,,,,,,,,,,
Contact:,,,,,,,,,,,,,,,,,,,,,,,,,,,,,,,,,,,,,,,,,,,,,,,,,,,,,,,
Population and Housing Census Division,,,,,,,,,,,,,,,,,,,,,,,,,,,,,,,,,,,,,,,,,,,,,,,,,,,,,,,
National Censuses Service,,,,,,,,,,,,,,,,,,,,,,,,,,,,,,,,,,,,,,,,,,,,,,,,,,,,,,,
Philippine Statistics Authority (PSA),,,,,,,,,,,,,,,,,,,,,,,,,,,,,,,,,,,,,,,,,,,,,,,,,,,,,,,
"19th Floor, PSA Headquarters, PSA Complex, East Ave., Diliman, Quezon City, Philippines 1101",,,,,,,,,,,,,,,,,,,,,,,,,,,,,,,,,,,,,,,,,,,,,,,,,,,,,,,
Email Address: phcd.staff@psa.gov.ph,,,,,,,,,,,,,,,,,,,,,,,,,,,,,,,,,,,,,,,,,,,,,,,,,,,,,,,
,,,,,,,,,,,,,,,,,,,,,,,,,,,,,,,,,,,,,,,,,,,,,,,,,,,,,,,
,,,,,,,,,,,,,,,,,,,,,,,,,,,,,,,,,,,,,,,,,,,,,,,,,,,,,,,
Units:,,,,,,,,,,,,,,,,,,,,,,,,,,,,,,,,,,,,,,,,,,,,,,,,,,,,,,,
Persons,,,,,,,,,,,,,,,,,,,,,,,,,,,,,,,,,,,,,,,,,,,,,,,,,,,,,,,
,,,,,,,,,,,,,,,,,,,,,,,,,,,,,,,,,,,,,,,,,,,,,,,,,,,,,,,
,,,,,,,,,,,,,,,,,,,,,,,,,,,,,,,,,,,,,,,,,,,,,,,,,,,,,,,
,,,,,,,,,,,,,,,,,,,,,,,,,,,,,,,,,,,,,,,,,,,,,,,,,,,,,,,
,,,,,,,,,,,,,,,,,,,,,,,,,,,,,,,,,,,,,,,,,,,,,,,,,,,,,,,
,,,,,,,,,,,,,,,,,,,,,,,,,,,,,,,,,,,,,,,,,,,,,,,,,,,,,,,
,,,,,,,,,,,,,,,,,,,,,,,,,,,,,,,,,,,,,,,,,,,,,,,,,,,,,,,
,,,,,,,,,,,,,,,,,,,,,,,,,,,,,,,,,,,,,,,,,,,,,,,,,,,,,,,
Official statistics,,,,,,,,,,,,,,,,,,,,,,,,,,,,,,,,,,,,,,,,,,,,,,,,,,,,,,,
,,,,,,,,,,,,,,,,,,,,,,,,,,,,,,,,,,,,,,,,,,,,,,,,,,,,,,,
,,,,,,,,,,,,,,,,,,,,,,,,,,,,,,,,,,,,,,,,,,,,,,,,,,,,,,,
Internal reference code:,,,,,,,,,,,,,,,,,,,,,,,,,,,,,,,,,,,,,,,,,,,,,,,,,,,,,,,
1A6DPAG0,,,,,,,,,,,,,,,,,,,,,,,,,,,,,,,,,,,,,,,,,,,,,,,,,,,,,,,